code,date,p2b
000001.SZ,20150601,1.5728
000002.SZ,20150601,1.8493
000004.SZ,20150601,38.7105
000005.SZ,20150601,20.5212
000006.SZ,20150601,5.205
000007.SZ,20150601,19.2538
000008.SZ,20150601,7.776
000009.SZ,20150601,8.9712
000010.SZ,20150601,17.9155
000011.SZ,20150601,5.5593
000012.SZ,20150601,4.4943
000014.SZ,20150601,7.5502
000016.SZ,20150601,7.0283
000017.SZ,20150601,1156.9734
000018.SZ,20150601,64.5839
000019.SZ,20150601,6.3514
000020.SZ,20150601,22.8849
000021.SZ,20150601,4.2536
000022.SZ,20150601,4.0788
000023.SZ,20150601,10.4687
000024.SZ,20150601,2.635
000025.SZ,20150601,9.7404
000026.SZ,20150601,5.5975
000027.SZ,20150601,3.0615
000028.SZ,20150601,6.5352
000029.SZ,20150601,8.3205
000030.SZ,20150601,4.175
000031.SZ,20150601,3.5268
000032.SZ,20150601,6.9621
000034.SZ,20150601,17.4598
000035.SZ,20150601,7.3999
000036.SZ,20150601,5.7152
000037.SZ,20150601,7.7501
000038.SZ,20150601,23.8102
000039.SZ,20150601,3.2837
000040.SZ,20150601,6.1004
000042.SZ,20150601,3.1337
000043.SZ,20150601,2.9992
000045.SZ,20150601,4.1639
000046.SZ,20150601,9.2322
000048.SZ,20150601,17.3339
000049.SZ,20150601,17.5346
000050.SZ,20150601,4.0126
000055.SZ,20150601,10.1838
000056.SZ,20150601,4.8614
000058.SZ,20150601,9.2722
000059.SZ,20150601,2.4285
000060.SZ,20150601,6.736
000061.SZ,20150601,8.8113
000062.SZ,20150601,13.1577
000063.SZ,20150601,3.3216
000065.SZ,20150601,12.7038
000066.SZ,20150601,12.5433
000068.SZ,20150601,16.9643
000069.SZ,20150601,3.1185
000070.SZ,20150601,8.4443
000078.SZ,20150601,16.4536
000088.SZ,20150601,4.3349
000089.SZ,20150601,2.7818
000090.SZ,20150601,4.2181
000096.SZ,20150601,5.2367
000099.SZ,20150601,5.3268
000100.SZ,20150601,3.6151
000150.SZ,20150601,13.9425
000151.SZ,20150601,8.495
000153.SZ,20150601,4.8826
000155.SZ,20150601,nan
000156.SZ,20150601,8.6584
000157.SZ,20150601,1.7049
000158.SZ,20150601,10.7192
000159.SZ,20150601,3.1915
000166.SZ,20150601,7.0423
000301.SZ,20150601,3.2993
000333.SZ,20150601,4.1806
000338.SZ,20150601,2.0386
000400.SZ,20150601,5.6895
000401.SZ,20150601,2.0573
000402.SZ,20150601,1.633
000403.SZ,20150601,12.2152
000404.SZ,20150601,3.1568
000407.SZ,20150601,4.5321
000408.SZ,20150601,51.6135
000409.SZ,20150601,10.8467
000410.SZ,20150601,10.7063
000411.SZ,20150601,7.0583
000413.SZ,20150601,5.931
000415.SZ,20150601,4.8265
000416.SZ,20150601,11.1834
000417.SZ,20150601,3.3282
000418.SZ,20150601,3.1891
000419.SZ,20150601,3.7574
000420.SZ,20150601,6.9143
000421.SZ,20150601,3.7007
000422.SZ,20150601,1.4746
000423.SZ,20150601,6.2679
000425.SZ,20150601,1.7582
000426.SZ,20150601,3.7168
000428.SZ,20150601,6.3371
000429.SZ,20150601,1.6164
000430.SZ,20150601,9.3097
000488.SZ,20150601,1.5582
000498.SZ,20150601,3.8122
000501.SZ,20150601,3.5363
000502.SZ,20150601,12.0478
000503.SZ,20150601,47.6977
000504.SZ,20150601,11633.0517
000505.SZ,20150601,nan
000506.SZ,20150601,4.6059
000507.SZ,20150601,4.0046
000509.SZ,20150601,278.6965
000510.SZ,20150601,5.1614
000511.SZ,20150601,12.6532
000513.SZ,20150601,6.4281
000514.SZ,20150601,3.5701
000516.SZ,20150601,8.2283
000517.SZ,20150601,5.8782
000518.SZ,20150601,9.3695
000519.SZ,20150601,4.2194
000521.SZ,20150601,2.1289
000523.SZ,20150601,7.7911
000524.SZ,20150601,10.1821
000525.SZ,20150601,3.2645
000526.SZ,20150601,13.5686
000528.SZ,20150601,1.8634
000529.SZ,20150601,8.6018
000530.SZ,20150601,3.6138
000531.SZ,20150601,3.4873
000532.SZ,20150601,14.0284
000533.SZ,20150601,5.1192
000534.SZ,20150601,6.4066
000536.SZ,20150601,6.5447
000537.SZ,20150601,4.2897
000538.SZ,20150601,6.9161
000539.SZ,20150601,2.4938
000540.SZ,20150601,7.1534
000541.SZ,20150601,6.573
000543.SZ,20150601,2.2604
000544.SZ,20150601,6.6903
000545.SZ,20150601,6.4388
000546.SZ,20150601,7.2198
000547.SZ,20150601,11.6499
000548.SZ,20150601,4.9638
000550.SZ,20150601,3.0055
000551.SZ,20150601,4.8303
000552.SZ,20150601,2.8592
000553.SZ,20150601,5.2425
000554.SZ,20150601,8.0336
000555.SZ,20150601,15.8158
000557.SZ,20150601,47.9987
000558.SZ,20150601,15.6522
000559.SZ,20150601,13.3778
000560.SZ,20150601,5.1451
000561.SZ,20150601,12.4651
000563.SZ,20150601,4.7822
000564.SZ,20150601,1.6198
000565.SZ,20150601,8.8778
000566.SZ,20150601,12.6417
000567.SZ,20150601,23.7927
000568.SZ,20150601,3.5998
000570.SZ,20150601,3.7821
000571.SZ,20150601,4.267
000572.SZ,20150601,2.0186
000573.SZ,20150601,3.4282
000576.SZ,20150601,11.828
000581.SZ,20150601,3.2222
000582.SZ,20150601,6.5261
000584.SZ,20150601,10.2488
000585.SZ,20150601,24.5974
000586.SZ,20150601,17.359
000587.SZ,20150601,15.118
000589.SZ,20150601,2.3997
000590.SZ,20150601,36.5238
000591.SZ,20150601,21.836
000592.SZ,20150601,25.8899
000593.SZ,20150601,6.8229
000594.SZ,20150601,1.0671
000595.SZ,20150601,7.4688
000596.SZ,20150601,4.296
000597.SZ,20150601,2.81
000598.SZ,20150601,4.2085
000599.SZ,20150601,3.8231
000600.SZ,20150601,2.7105
000601.SZ,20150601,3.3298
000603.SZ,20150601,23.1556
000605.SZ,20150601,5.8708
000606.SZ,20150601,8.9789
000607.SZ,20150601,14.8945
000608.SZ,20150601,1.9037
000609.SZ,20150601,5.0112
000610.SZ,20150601,6.6216
000611.SZ,20150601,8.8544
000612.SZ,20150601,3.085
000613.SZ,20150601,53.9872
000615.SZ,20150601,5.8457
000616.SZ,20150601,4.6597
000617.SZ,20150601,9.5607
000619.SZ,20150601,2.8716
000620.SZ,20150601,4.6556
000622.SZ,20150601,24.8104
000623.SZ,20150601,2.7577
000625.SZ,20150601,3.7193
000626.SZ,20150601,26.5269
000627.SZ,20150601,14.0752
000628.SZ,20150601,9.1583
000629.SZ,20150601,4.1879
000630.SZ,20150601,2.1814
000631.SZ,20150601,3.6929
000632.SZ,20150601,5.0559
000633.SZ,20150601,53.2568
000635.SZ,20150601,1.7873
000636.SZ,20150601,3.0847
000637.SZ,20150601,6.9405
000638.SZ,20150601,45.3576
000639.SZ,20150601,5.3152
000650.SZ,20150601,8.9549
000651.SZ,20150601,4.1689
000652.SZ,20150601,7.548
000655.SZ,20150601,3.7193
000656.SZ,20150601,3.4155
000657.SZ,20150601,4.1331
000659.SZ,20150601,8.3976
000661.SZ,20150601,15.3383
000662.SZ,20150601,14.408
000663.SZ,20150601,15.3313
000665.SZ,20150601,3.4666
000666.SZ,20150601,3.2086
000667.SZ,20150601,2.83
000668.SZ,20150601,8.3331
000669.SZ,20150601,4.4972
000670.SZ,20150601,29.9917
000671.SZ,20150601,4.6733
000672.SZ,20150601,5.0461
000673.SZ,20150601,1541.0332
000676.SZ,20150601,18.7544
000677.SZ,20150601,45.9593
000678.SZ,20150601,4.9357
000679.SZ,20150601,3.692
000680.SZ,20150601,3.168
000681.SZ,20150601,29.7925
000682.SZ,20150601,6.529
000683.SZ,20150601,2.3436
000685.SZ,20150601,3.4752
000686.SZ,20150601,5.0697
000687.SZ,20150601,6.5687
000688.SZ,20150601,13.277
000690.SZ,20150601,4.079
000691.SZ,20150601,25.4531
000692.SZ,20150601,5.0989
000693.SZ,20150601,10.4221
000695.SZ,20150601,19.805
000697.SZ,20150601,13.2838
000698.SZ,20150601,2.2445
000700.SZ,20150601,4.558
000701.SZ,20150601,3.6469
000702.SZ,20150601,8.8939
000703.SZ,20150601,3.7463
000705.SZ,20150601,7.2607
000707.SZ,20150601,3.1744
000708.SZ,20150601,1.8789
000709.SZ,20150601,1.3048
000710.SZ,20150601,29.7412
000711.SZ,20150601,16.3013
000712.SZ,20150601,14.4314
000713.SZ,20150601,3.9179
000715.SZ,20150601,2.8315
000716.SZ,20150601,4.0013
000717.SZ,20150601,10.1669
000718.SZ,20150601,9.0437
000719.SZ,20150601,2.5377
000720.SZ,20150601,9.6833
000721.SZ,20150601,9.5277
000722.SZ,20150601,3.7725
000723.SZ,20150601,9.4958
000725.SZ,20150601,2.4668
000726.SZ,20150601,2.403
000727.SZ,20150601,2.8134
000728.SZ,20150601,3.8262
000729.SZ,20150601,2.707
000731.SZ,20150601,3.5406
000732.SZ,20150601,6.2956
000733.SZ,20150601,4.9504
000735.SZ,20150601,5.7434
000736.SZ,20150601,3.4717
000737.SZ,20150601,16.6078
000738.SZ,20150601,10.8059
000739.SZ,20150601,5.8658
000748.SZ,20150601,13.3289
000750.SZ,20150601,7.2617
000751.SZ,20150601,6.9694
000752.SZ,20150601,8.488
000753.SZ,20150601,6.9765
000755.SZ,20150601,3.1505
000756.SZ,20150601,4.0212
000757.SZ,20150601,11.0661
000758.SZ,20150601,5.2417
000759.SZ,20150601,2.6553
000760.SZ,20150601,8.4582
000761.SZ,20150601,1.5436
000762.SZ,20150601,6.6253
000766.SZ,20150601,3.8631
000767.SZ,20150601,4.5682
000768.SZ,20150601,9.9702
000776.SZ,20150601,3.1804
000777.SZ,20150601,17.9919
000778.SZ,20150601,1.7641
000779.SZ,20150601,16.1801
000780.SZ,20150601,1.9079
000782.SZ,20150601,11.6137
000783.SZ,20150601,5.7915
000785.SZ,20150601,4.6417
000786.SZ,20150601,3.6461
000788.SZ,20150601,12.0659
000789.SZ,20150601,3.0776
000790.SZ,20150601,12.6279
000791.SZ,20150601,3.8012
000792.SZ,20150601,2.9256
000793.SZ,20150601,5.3873
000795.SZ,20150601,7.8239
000796.SZ,20150601,16.4244
000797.SZ,20150601,11.6931
000798.SZ,20150601,6.9743
000799.SZ,20150601,3.8864
000800.SZ,20150601,4.3529
000801.SZ,20150601,6.9714
000802.SZ,20150601,14.8597
000803.SZ,20150601,33.1419
000806.SZ,20150601,13.3772
000807.SZ,20150601,4.3594
000809.SZ,20150601,2.4692
000810.SZ,20150601,16.7558
000811.SZ,20150601,5.8624
000812.SZ,20150601,7.5848
000813.SZ,20150601,4.9507
000815.SZ,20150601,nan
000816.SZ,20150601,6.2546
000818.SZ,20150601,4.3038
000819.SZ,20150601,20.2583
000820.SZ,20150601,21.3662
000821.SZ,20150601,6.4185
000822.SZ,20150601,3.8975
000823.SZ,20150601,3.4604
000825.SZ,20150601,1.8154
000826.SZ,20150601,7.9544
000828.SZ,20150601,4.027
000829.SZ,20150601,10.3163
000830.SZ,20150601,2.2812
000831.SZ,20150601,14.4525
000833.SZ,20150601,7.0644
000835.SZ,20150601,14.8798
000836.SZ,20150601,7.4316
000837.SZ,20150601,4.6533
000838.SZ,20150601,12.8428
000839.SZ,20150601,5.5603
000848.SZ,20150601,11.0189
000850.SZ,20150601,2.7173
000851.SZ,20150601,5.4498
000852.SZ,20150601,11.7351
000856.SZ,20150601,8.8107
000858.SZ,20150601,2.5731
000859.SZ,20150601,6.1917
000860.SZ,20150601,2.8977
000861.SZ,20150601,6.6536
000862.SZ,20150601,3.7975
000863.SZ,20150601,2.3934
000868.SZ,20150601,7.3334
000869.SZ,20150601,4.901
000875.SZ,20150601,5.6973
000876.SZ,20150601,2.6796
000877.SZ,20150601,1.6664
000878.SZ,20150601,6.2154
000880.SZ,20150601,4.1718
000881.SZ,20150601,2.4594
000882.SZ,20150601,2.7828
000883.SZ,20150601,4.8185
000885.SZ,20150601,4.1327
000886.SZ,20150601,3.1569
000887.SZ,20150601,11.9046
000888.SZ,20150601,5.0185
000889.SZ,20150601,6.4482
000890.SZ,20150601,4.2944
000892.SZ,20150601,1796.6707
000893.SZ,20150601,16.8412
000895.SZ,20150601,6.4498
000897.SZ,20150601,9.767
000898.SZ,20150601,1.104
000899.SZ,20150601,4.5501
000900.SZ,20150601,1.7039
000901.SZ,20150601,17.8724
000902.SZ,20150601,5.5426
000903.SZ,20150601,2.7449
000905.SZ,20150601,4.4239
000906.SZ,20150601,9.4257
000908.SZ,20150601,10.1213
000909.SZ,20150601,9.4966
000910.SZ,20150601,4.5983
000911.SZ,20150601,6.4036
000912.SZ,20150601,7.5543
000913.SZ,20150601,3.2481
000915.SZ,20150601,10.0282
000916.SZ,20150601,2.331
000917.SZ,20150601,6.1124
000918.SZ,20150601,3.5126
000919.SZ,20150601,5.6611
000920.SZ,20150601,15.2981
000921.SZ,20150601,4.9969
000922.SZ,20150601,6.491
000923.SZ,20150601,13.9564
000925.SZ,20150601,9.8677
000926.SZ,20150601,1.7218
000927.SZ,20150601,12.4668
000928.SZ,20150601,6.956
000929.SZ,20150601,5.0739
000930.SZ,20150601,6.5763
000931.SZ,20150601,17.7049
000932.SZ,20150601,1.4128
000933.SZ,20150601,2.3951
000935.SZ,20150601,2.8726
000936.SZ,20150601,5.2853
000937.SZ,20150601,1.5732
000938.SZ,20150601,3.9065
000939.SZ,20150601,6.7754
000948.SZ,20150601,7.924
000949.SZ,20150601,3.452
000950.SZ,20150601,4.5298
000951.SZ,20150601,2.1878
000952.SZ,20150601,10.8297
000953.SZ,20150601,19.7425
000955.SZ,20150601,9.5819
000957.SZ,20150601,4.7061
000958.SZ,20150601,17.8328
000959.SZ,20150601,1.3916
000960.SZ,20150601,4.4502
000961.SZ,20150601,3.1703
000962.SZ,20150601,3.9373
000963.SZ,20150601,15.4404
000965.SZ,20150601,3.0765
000966.SZ,20150601,3.6725
000967.SZ,20150601,6.2541
000968.SZ,20150601,3.9586
000969.SZ,20150601,4.9847
000970.SZ,20150601,7.0369
000971.SZ,20150601,306.401
000972.SZ,20150601,7.378
000973.SZ,20150601,6.1768
000975.SZ,20150601,7.8419
000976.SZ,20150601,38.9531
000977.SZ,20150601,18.6979
000978.SZ,20150601,4.1773
000979.SZ,20150601,4.9795
000980.SZ,20150601,3.748
000981.SZ,20150601,3.572
000982.SZ,20150601,1.9895
000983.SZ,20150601,1.934
000985.SZ,20150601,6.852
000987.SZ,20150601,7.2662
000988.SZ,20150601,7.4231
000989.SZ,20150601,6.4569
000990.SZ,20150601,3.1404
000993.SZ,20150601,4.0337
000995.SZ,20150601,19.155
000996.SZ,20150601,11.2887
000997.SZ,20150601,16.553
000998.SZ,20150601,14.8852
000999.SZ,20150601,4.9394
001696.SZ,20150601,9.0828
001896.SZ,20150601,4.4166
002001.SZ,20150601,3.8991
002002.SZ,20150601,8.1432
002003.SZ,20150601,3.6128
002004.SZ,20150601,4.7791
002005.SZ,20150601,3.8765
002006.SZ,20150601,7.7492
002007.SZ,20150601,10.4498
002008.SZ,20150601,8.9182
002009.SZ,20150601,7.8916
002010.SZ,20150601,2.3562
002011.SZ,20150601,4.75
002012.SZ,20150601,5.598
002013.SZ,20150601,6.6601
002014.SZ,20150601,5.6611
002015.SZ,20150601,nan
002016.SZ,20150601,8.3843
002017.SZ,20150601,13.5971
002018.SZ,20150601,16.752
002019.SZ,20150601,7.086
002020.SZ,20150601,5.4144
002021.SZ,20150601,3.4101
002022.SZ,20150601,15.5977
002023.SZ,20150601,11.5464
002024.SZ,20150601,4.9287
002025.SZ,20150601,7.6248
002026.SZ,20150601,3.6501
002027.SZ,20150601,8.3309
002028.SZ,20150601,3.7301
002029.SZ,20150601,3.9236
002030.SZ,20150601,44.0109
002031.SZ,20150601,4.1808
002032.SZ,20150601,4.8639
002033.SZ,20150601,4.8447
002034.SZ,20150601,10.6174
002035.SZ,20150601,5.1477
002036.SZ,20150601,6.4947
002037.SZ,20150601,7.2178
002038.SZ,20150601,9.1924
002039.SZ,20150601,3.3723
002040.SZ,20150601,7.6708
002041.SZ,20150601,10.1513
002042.SZ,20150601,3.5032
002043.SZ,20150601,7.8773
002044.SZ,20150601,35.7085
002045.SZ,20150601,4.5841
002046.SZ,20150601,4.8523
002047.SZ,20150601,8.9824
002048.SZ,20150601,3.7752
002049.SZ,20150601,13.4155
002050.SZ,20150601,7.5558
002051.SZ,20150601,4.9569
002052.SZ,20150601,14.6611
002053.SZ,20150601,7.7078
002054.SZ,20150601,3.6173
002055.SZ,20150601,14.5031
002056.SZ,20150601,5.178
002057.SZ,20150601,5.6486
002058.SZ,20150601,18.0531
002059.SZ,20150601,7.0494
002060.SZ,20150601,2.8912
002061.SZ,20150601,6.5782
002062.SZ,20150601,4.1273
002063.SZ,20150601,14.0482
002064.SZ,20150601,5.7107
002065.SZ,20150601,10.4009
002066.SZ,20150601,9.9321
002067.SZ,20150601,3.735
002068.SZ,20150601,3.2671
002069.SZ,20150601,12.5431
002070.SZ,20150601,12.1282
002071.SZ,20150601,16.7503
002072.SZ,20150601,37.0728
002073.SZ,20150601,4.6457
002074.SZ,20150601,6.2268
002075.SZ,20150601,16.7987
002076.SZ,20150601,7.342
002077.SZ,20150601,5.759
002078.SZ,20150601,3.0722
002079.SZ,20150601,8.0301
002080.SZ,20150601,3.6342
002081.SZ,20150601,7.5261
002082.SZ,20150601,3.7067
002083.SZ,20150601,2.8868
002084.SZ,20150601,10.8124
002085.SZ,20150601,12.2082
002086.SZ,20150601,5.8013
002087.SZ,20150601,2.7838
002088.SZ,20150601,2.8683
002089.SZ,20150601,9.5669
002090.SZ,20150601,12.0577
002091.SZ,20150601,6.2319
002092.SZ,20150601,2.2762
002093.SZ,20150601,18.9294
002094.SZ,20150601,12.0692
002095.SZ,20150601,54.5394
002096.SZ,20150601,3.8663
002097.SZ,20150601,4.1146
002098.SZ,20150601,10.3121
002099.SZ,20150601,6.731
002100.SZ,20150601,7.9296
002101.SZ,20150601,5.3635
002102.SZ,20150601,4.1413
002103.SZ,20150601,6.5321
002104.SZ,20150601,20.0078
002105.SZ,20150601,9.0066
002106.SZ,20150601,2.8964
002107.SZ,20150601,24.284
002108.SZ,20150601,6.5539
002109.SZ,20150601,2.7031
002110.SZ,20150601,2.1277
002111.SZ,20150601,8.8849
002112.SZ,20150601,11.7237
002113.SZ,20150601,59.5495
002114.SZ,20150601,6.5017
002115.SZ,20150601,8.8142
002116.SZ,20150601,8.1318
002117.SZ,20150601,12.1014
002118.SZ,20150601,6.4328
002119.SZ,20150601,12.2806
002120.SZ,20150601,7.6744
002121.SZ,20150601,9.3474
002122.SZ,20150601,3.041
002123.SZ,20150601,7.2472
002124.SZ,20150601,10.3867
002125.SZ,20150601,10.7164
002126.SZ,20150601,4.2896
002127.SZ,20150601,12.4935
002128.SZ,20150601,2.8801
002129.SZ,20150601,10.4596
002130.SZ,20150601,11.5966
002131.SZ,20150601,15.2556
002132.SZ,20150601,3.912
002133.SZ,20150601,3.5412
002134.SZ,20150601,8.1167
002135.SZ,20150601,6.2241
002136.SZ,20150601,6.8105
002137.SZ,20150601,10.5884
002138.SZ,20150601,7.0257
002139.SZ,20150601,5.4668
002140.SZ,20150601,7.2562
002141.SZ,20150601,15.4851
002142.SZ,20150601,1.8058
002143.SZ,20150601,30.5085
002144.SZ,20150601,3.1784
002145.SZ,20150601,6.812
002146.SZ,20150601,3.0253
002147.SZ,20150601,5.6003
002148.SZ,20150601,8.0014
002149.SZ,20150601,5.8252
002150.SZ,20150601,7.6571
002151.SZ,20150601,14.7569
002152.SZ,20150601,12.2082
002153.SZ,20150601,32.0419
002154.SZ,20150601,5.4706
002155.SZ,20150601,4.8228
002156.SZ,20150601,4.8255
002157.SZ,20150601,5.7178
002158.SZ,20150601,9.5042
002159.SZ,20150601,3.4734
002160.SZ,20150601,5.0193
002161.SZ,20150601,13.8165
002162.SZ,20150601,12.0498
002163.SZ,20150601,15.9163
002164.SZ,20150601,7.6774
002165.SZ,20150601,5.2004
002166.SZ,20150601,8.0954
002167.SZ,20150601,8.4614
002168.SZ,20150601,14.3762
002169.SZ,20150601,12.7479
002170.SZ,20150601,13.8699
002171.SZ,20150601,12.8924
002172.SZ,20150601,16.1742
002173.SZ,20150601,5.6844
002174.SZ,20150601,33.9153
002175.SZ,20150601,22.8891
002176.SZ,20150601,8.0656
002177.SZ,20150601,9.839
002178.SZ,20150601,22.4209
002179.SZ,20150601,8.9796
002180.SZ,20150601,45.4884
002181.SZ,20150601,4.4003
002182.SZ,20150601,6.297
002183.SZ,20150601,16.7956
002184.SZ,20150601,16.8973
002185.SZ,20150601,7.1973
002186.SZ,20150601,6.5144
002187.SZ,20150601,3.3281
002188.SZ,20150601,10.4221
002189.SZ,20150601,20.5854
002190.SZ,20150601,15.0319
002191.SZ,20150601,6.9189
002192.SZ,20150601,10.5856
002193.SZ,20150601,5.0214
002194.SZ,20150601,5.4061
002195.SZ,20150601,14.4692
002196.SZ,20150601,3.942
002197.SZ,20150601,18.3314
002198.SZ,20150601,9.1559
002199.SZ,20150601,5.2018
002200.SZ,20150601,6.1663
002201.SZ,20150601,11.7428
002202.SZ,20150601,4.4031
002203.SZ,20150601,5.8787
002204.SZ,20150601,2.5236
002205.SZ,20150601,3.6314
002206.SZ,20150601,5.0957
002207.SZ,20150601,13.0153
002208.SZ,20150601,5.5627
002209.SZ,20150601,7.9148
002210.SZ,20150601,21.7955
002211.SZ,20150601,4.6727
002212.SZ,20150601,3.4576
002213.SZ,20150601,12.0245
002214.SZ,20150601,10.172
002215.SZ,20150601,17.9057
002216.SZ,20150601,9.7604
002217.SZ,20150601,13.0334
002218.SZ,20150601,3.9251
002219.SZ,20150601,24.0942
002220.SZ,20150601,4.95
002221.SZ,20150601,11.8777
002222.SZ,20150601,9.6335
002223.SZ,20150601,17.6992
002224.SZ,20150601,9.7886
002225.SZ,20150601,3.9604
002226.SZ,20150601,4.1512
002227.SZ,20150601,11.9946
002228.SZ,20150601,8.3027
002229.SZ,20150601,14.315
002230.SZ,20150601,17.2924
002231.SZ,20150601,15.6176
002232.SZ,20150601,12.325
002233.SZ,20150601,4.0071
002234.SZ,20150601,3.7624
002235.SZ,20150601,23.9174
002236.SZ,20150601,9.8751
002237.SZ,20150601,3.9087
002238.SZ,20150601,6.4165
002239.SZ,20150601,5.4628
002240.SZ,20150601,6.3895
002241.SZ,20150601,7.8568
002242.SZ,20150601,4.2714
002243.SZ,20150601,3.9651
002244.SZ,20150601,2.9729
002245.SZ,20150601,8.1066
002246.SZ,20150601,7.2302
002247.SZ,20150601,8.9109
002248.SZ,20150601,4.8444
002249.SZ,20150601,4.7567
002250.SZ,20150601,6.1259
002251.SZ,20150601,4.9244
002252.SZ,20150601,9.9927
002253.SZ,20150601,10.9483
002254.SZ,20150601,5.8371
002255.SZ,20150601,3.856
002256.SZ,20150601,22.977
002258.SZ,20150601,5.1742
002259.SZ,20150601,10.4514
002260.SZ,20150601,45.2276
002261.SZ,20150601,16.7005
002262.SZ,20150601,15.2523
002263.SZ,20150601,3.6662
002264.SZ,20150601,4.2189
002265.SZ,20150601,11.9055
002266.SZ,20150601,9.7016
002267.SZ,20150601,4.1576
002268.SZ,20150601,30.701
002269.SZ,20150601,8.3867
002270.SZ,20150601,8.7667
002271.SZ,20150601,7.55
002272.SZ,20150601,3.8424
002273.SZ,20150601,13.2053
002274.SZ,20150601,3.5904
002275.SZ,20150601,8.9048
002276.SZ,20150601,12.8059
002277.SZ,20150601,4.0201
002278.SZ,20150601,5.0066
002279.SZ,20150601,15.1301
002280.SZ,20150601,69.2855
002281.SZ,20150601,5.9143
002282.SZ,20150601,8.4192
002283.SZ,20150601,5.1159
002284.SZ,20150601,5.7817
002285.SZ,20150601,13.912
002286.SZ,20150601,4.7116
002287.SZ,20150601,10.308
002288.SZ,20150601,7.5801
002289.SZ,20150601,4.4714
002290.SZ,20150601,10.133
002291.SZ,20150601,3.9557
002292.SZ,20150601,18.2354
002293.SZ,20150601,8.2787
002294.SZ,20150601,10.3695
002295.SZ,20150601,6.3719
002296.SZ,20150601,7.4498
002297.SZ,20150601,9.8929
002298.SZ,20150601,11.4158
002299.SZ,20150601,3.6756
002300.SZ,20150601,5.3296
002301.SZ,20150601,10.2999
002302.SZ,20150601,4.0189
002303.SZ,20150601,14.0013
002304.SZ,20150601,4.9031
002305.SZ,20150601,4.4496
002306.SZ,20150601,nan
002307.SZ,20150601,7.5422
002308.SZ,20150601,9.6386
002309.SZ,20150601,4.5956
002310.SZ,20150601,6.884
002311.SZ,20150601,6.4631
002312.SZ,20150601,26.7781
002313.SZ,20150601,4.2399
002314.SZ,20150601,6.5111
002315.SZ,20150601,8.8332
002316.SZ,20150601,5.1807
002317.SZ,20150601,6.96
002318.SZ,20150601,11.4358
002319.SZ,20150601,4.5132
002320.SZ,20150601,5.5853
002321.SZ,20150601,4.1317
002322.SZ,20150601,8.7114
002323.SZ,20150601,5.6719
002324.SZ,20150601,6.7446
002325.SZ,20150601,8.3267
002326.SZ,20150601,16.5934
002327.SZ,20150601,6.7126
002328.SZ,20150601,3.263
002329.SZ,20150601,8.7035
002330.SZ,20150601,6.1762
002331.SZ,20150601,11.9765
002332.SZ,20150601,11.754
002333.SZ,20150601,5.0988
002334.SZ,20150601,7.9557
002335.SZ,20150601,11.9105
002336.SZ,20150601,2.9555
002337.SZ,20150601,8.3616
002338.SZ,20150601,16.4709
002339.SZ,20150601,12.3894
002340.SZ,20150601,4.9558
002341.SZ,20150601,6.5087
002342.SZ,20150601,4.8572
002343.SZ,20150601,5.4788
002344.SZ,20150601,6.372
002345.SZ,20150601,6.8827
002346.SZ,20150601,5.0272
002347.SZ,20150601,5.2065
002348.SZ,20150601,9.7853
002349.SZ,20150601,12.4092
002350.SZ,20150601,5.6319
002351.SZ,20150601,7.5002
002352.SZ,20150601,5.8905
002353.SZ,20150601,5.512
002354.SZ,20150601,30.3809
002355.SZ,20150601,2.8796
002356.SZ,20150601,7.5305
002357.SZ,20150601,8.6081
002358.SZ,20150601,9.3915
002359.SZ,20150601,2.8953
002360.SZ,20150601,6.341
002361.SZ,20150601,10.2157
002362.SZ,20150601,14.4141
002363.SZ,20150601,7.6922
002364.SZ,20150601,20.4494
002365.SZ,20150601,5.2224
002366.SZ,20150601,18.5024
002367.SZ,20150601,10.9467
002368.SZ,20150601,13.2841
002369.SZ,20150601,6.5295
002370.SZ,20150601,6.5622
002371.SZ,20150601,9.5844
002372.SZ,20150601,5.9367
002373.SZ,20150601,34.8083
002374.SZ,20150601,5.3708
002375.SZ,20150601,5.8352
002376.SZ,20150601,7.6167
002377.SZ,20150601,7.5255
002378.SZ,20150601,9.9608
002379.SZ,20150601,6.131
002380.SZ,20150601,9.635
002381.SZ,20150601,6.5454
002382.SZ,20150601,8.2198
002383.SZ,20150601,5.2795
002384.SZ,20150601,8.5813
002385.SZ,20150601,8.0695
002386.SZ,20150601,1.8343
002387.SZ,20150601,8.6673
002388.SZ,20150601,10.1087
002389.SZ,20150601,6.5918
002390.SZ,20150601,11.8287
002391.SZ,20150601,4.737
002392.SZ,20150601,4.5241
002393.SZ,20150601,3.2575
002394.SZ,20150601,2.8481
002395.SZ,20150601,5.9103
002396.SZ,20150601,10.4787
002397.SZ,20150601,9.8401
002398.SZ,20150601,4.7391
002399.SZ,20150601,4.3072
002400.SZ,20150601,13.0793
002401.SZ,20150601,15.3029
002402.SZ,20150601,13.9252
002403.SZ,20150601,3.6958
002404.SZ,20150601,5.9484
002405.SZ,20150601,19.754
002406.SZ,20150601,4.0716
002407.SZ,20150601,7.4442
002408.SZ,20150601,3.5158
002409.SZ,20150601,4.3393
002410.SZ,20150601,15.4007
002411.SZ,20150601,10.4611
002412.SZ,20150601,9.0747
002413.SZ,20150601,10.5886
002414.SZ,20150601,9.7361
002415.SZ,20150601,13.3574
002416.SZ,20150601,4.7274
002417.SZ,20150601,7.7565
002418.SZ,20150601,4.7085
002419.SZ,20150601,3.8147
002420.SZ,20150601,3.3268
002421.SZ,20150601,11.379
002422.SZ,20150601,3.1595
002423.SZ,20150601,5.3063
002424.SZ,20150601,19.464
002425.SZ,20150601,5.3399
002426.SZ,20150601,6.6449
002427.SZ,20150601,9.5515
002428.SZ,20150601,10.0349
002429.SZ,20150601,4.9228
002430.SZ,20150601,3.9344
002431.SZ,20150601,4.9978
002432.SZ,20150601,17.4587
002433.SZ,20150601,3.989
002434.SZ,20150601,5.5498
002435.SZ,20150601,4.903
002436.SZ,20150601,6.7438
002437.SZ,20150601,9.8116
002438.SZ,20150601,7.1561
002439.SZ,20150601,31.3999
002440.SZ,20150601,3.8054
002441.SZ,20150601,4.1744
002442.SZ,20150601,5.6149
002443.SZ,20150601,4.3591
002444.SZ,20150601,5.9485
002445.SZ,20150601,10.9879
002446.SZ,20150601,12.1825
002447.SZ,20150601,7.8954
002448.SZ,20150601,6.7492
002449.SZ,20150601,4.2783
002450.SZ,20150601,12.2843
002451.SZ,20150601,17.661
002452.SZ,20150601,5.9969
002453.SZ,20150601,6.8174
002454.SZ,20150601,4.699
002455.SZ,20150601,7.4077
002456.SZ,20150601,8.2921
002457.SZ,20150601,3.1186
002458.SZ,20150601,10.2726
002459.SZ,20150601,5.6829
002460.SZ,20150601,8.0626
002461.SZ,20150601,5.2145
002462.SZ,20150601,11.9135
002463.SZ,20150601,5.6138
002464.SZ,20150601,3.1461
002465.SZ,20150601,9.2102
002466.SZ,20150601,7.0688
002467.SZ,20150601,12.5039
002468.SZ,20150601,14.2111
002469.SZ,20150601,8.3224
002470.SZ,20150601,6.426
002471.SZ,20150601,9.0477
002472.SZ,20150601,5.1248
002473.SZ,20150601,13.658
002474.SZ,20150601,12.8944
002475.SZ,20150601,8.9596
002476.SZ,20150601,4.778
002477.SZ,20150601,6.1489
002478.SZ,20150601,2.6297
002479.SZ,20150601,6.9306
002480.SZ,20150601,6.5796
002481.SZ,20150601,8.9406
002482.SZ,20150601,4.0773
002483.SZ,20150601,3.7297
002484.SZ,20150601,5.8081
002485.SZ,20150601,3.3678
002486.SZ,20150601,7.1768
002487.SZ,20150601,5.6001
002488.SZ,20150601,16.1718
002489.SZ,20150601,8.5428
002490.SZ,20150601,4.3665
002491.SZ,20150601,14.5508
002492.SZ,20150601,5.0893
002493.SZ,20150601,4.9727
002494.SZ,20150601,6.3
002495.SZ,20150601,8.514
002496.SZ,20150601,4.5456
002497.SZ,20150601,4.6797
002498.SZ,20150601,5.0732
002499.SZ,20150601,11.4232
002500.SZ,20150601,8.0482
002501.SZ,20150601,5.2047
002502.SZ,20150601,3.962
002503.SZ,20150601,9.067
002504.SZ,20150601,21.1459
002505.SZ,20150601,5.2882
002507.SZ,20150601,7.1329
002508.SZ,20150601,8.1206
002509.SZ,20150601,7.0143
002510.SZ,20150601,4.7739
002511.SZ,20150601,2.912
002512.SZ,20150601,5.0975
002513.SZ,20150601,5.9816
002514.SZ,20150601,10.0172
002515.SZ,20150601,10.2378
002516.SZ,20150601,6.8473
002517.SZ,20150601,17.6117
002518.SZ,20150601,8.2584
002519.SZ,20150601,5.3553
002520.SZ,20150601,20.4123
002521.SZ,20150601,3.1496
002522.SZ,20150601,28.2783
002523.SZ,20150601,6.0284
002524.SZ,20150601,9.2051
002526.SZ,20150601,4.9544
002527.SZ,20150601,7.986
002528.SZ,20150601,4.9132
002529.SZ,20150601,6.3522
002530.SZ,20150601,7.267
002531.SZ,20150601,7.6189
002532.SZ,20150601,6.9762
002533.SZ,20150601,4.0333
002534.SZ,20150601,4.0606
002535.SZ,20150601,4.7252
002536.SZ,20150601,4.1857
002537.SZ,20150601,4.6575
002538.SZ,20150601,5.3661
002539.SZ,20150601,6.0062
002540.SZ,20150601,7.3109
002541.SZ,20150601,2.9968
002542.SZ,20150601,10.4783
002543.SZ,20150601,3.7797
002544.SZ,20150601,23.7988
002545.SZ,20150601,2.4355
002546.SZ,20150601,7.0344
002547.SZ,20150601,6.1817
002548.SZ,20150601,9.542
002549.SZ,20150601,11.0625
002550.SZ,20150601,9.0552
002551.SZ,20150601,13.056
002552.SZ,20150601,4.922
002553.SZ,20150601,10.6998
002554.SZ,20150601,5.0289
002555.SZ,20150601,18.6047
002556.SZ,20150601,7.5331
002557.SZ,20150601,4.3191
002558.SZ,20150601,3.5292
002559.SZ,20150601,7.387
002560.SZ,20150601,3.022
002561.SZ,20150601,4.6184
002562.SZ,20150601,6.3264
002563.SZ,20150601,5.3974
002564.SZ,20150601,4.4513
002565.SZ,20150601,5.8573
002566.SZ,20150601,4.016
002567.SZ,20150601,4.1187
002568.SZ,20150601,40.7866
002569.SZ,20150601,5.1054
002570.SZ,20150601,7.3236
002571.SZ,20150601,4.5668
002572.SZ,20150601,10.4708
002573.SZ,20150601,11.8816
002574.SZ,20150601,3.3332
002575.SZ,20150601,11.0701
002576.SZ,20150601,8.5012
002577.SZ,20150601,15.3987
002578.SZ,20150601,7.0782
002579.SZ,20150601,11.0713
002580.SZ,20150601,5.0399
002581.SZ,20150601,20.1989
002582.SZ,20150601,4.4192
002583.SZ,20150601,8.7349
002584.SZ,20150601,12.0227
002585.SZ,20150601,2.3666
002586.SZ,20150601,5.8271
002587.SZ,20150601,9.5773
002588.SZ,20150601,6.2401
002589.SZ,20150601,9.5478
002590.SZ,20150601,13.6387
002591.SZ,20150601,6.0099
002592.SZ,20150601,9.5152
002593.SZ,20150601,5.8854
002594.SZ,20150601,7.38
002595.SZ,20150601,8.8059
002596.SZ,20150601,2.5122
002597.SZ,20150601,4.0099
002598.SZ,20150601,6.7416
002599.SZ,20150601,8.5947
002600.SZ,20150601,7.2454
002601.SZ,20150601,2.9074
002602.SZ,20150601,3.7075
002603.SZ,20150601,7.0266
002604.SZ,20150601,5.1821
002605.SZ,20150601,10.1746
002606.SZ,20150601,6.7786
002607.SZ,20150601,3.9375
002608.SZ,20150601,31.9225
002609.SZ,20150601,21.6348
002610.SZ,20150601,6.78
002611.SZ,20150601,14.0704
002612.SZ,20150601,7.9032
002613.SZ,20150601,5.0633
002614.SZ,20150601,6.8906
002615.SZ,20150601,8.2326
002616.SZ,20150601,8.0202
002617.SZ,20150601,8.4081
002618.SZ,20150601,6.1498
002619.SZ,20150601,4.702
002620.SZ,20150601,6.1469
002621.SZ,20150601,5.6472
002622.SZ,20150601,13.9396
002623.SZ,20150601,3.7706
002624.SZ,20150601,19.1872
002625.SZ,20150601,66.9663
002626.SZ,20150601,7.2241
002627.SZ,20150601,4.6568
002628.SZ,20150601,2.4297
002629.SZ,20150601,6.842
002630.SZ,20150601,3.1685
002631.SZ,20150601,12.6082
002632.SZ,20150601,7.8911
002633.SZ,20150601,9.1535
002634.SZ,20150601,8.1893
002635.SZ,20150601,7.6542
002636.SZ,20150601,16.1352
002637.SZ,20150601,4.6561
002638.SZ,20150601,4.6489
002639.SZ,20150601,5.6302
002640.SZ,20150601,12.54
002641.SZ,20150601,5.2955
002642.SZ,20150601,12.6493
002643.SZ,20150601,4.154
002644.SZ,20150601,10.0428
002645.SZ,20150601,4.0626
002646.SZ,20150601,6.9817
002647.SZ,20150601,7.0034
002648.SZ,20150601,4.6
002649.SZ,20150601,8.8688
002650.SZ,20150601,5.5187
002651.SZ,20150601,10.7302
002652.SZ,20150601,8.021
002653.SZ,20150601,18.8391
002654.SZ,20150601,14.1992
002655.SZ,20150601,8.9767
002656.SZ,20150601,2.8862
002657.SZ,20150601,32.8574
002658.SZ,20150601,14.9017
002659.SZ,20150601,14.8153
002660.SZ,20150601,5.0624
002661.SZ,20150601,6.0834
002662.SZ,20150601,3.2112
002663.SZ,20150601,6.2237
002664.SZ,20150601,14.0527
002665.SZ,20150601,10.1231
002666.SZ,20150601,5.3058
002667.SZ,20150601,4.2346
002668.SZ,20150601,3.789
002669.SZ,20150601,6.9581
002670.SZ,20150601,4.4575
002671.SZ,20150601,4.7461
002672.SZ,20150601,9.7097
002673.SZ,20150601,8.5607
002674.SZ,20150601,3.5875
002675.SZ,20150601,9.9654
002676.SZ,20150601,4.0294
002677.SZ,20150601,11.0813
002678.SZ,20150601,10.8149
002679.SZ,20150601,7.9121
002680.SZ,20150601,4.0142
002681.SZ,20150601,11.4037
002682.SZ,20150601,7.0198
002683.SZ,20150601,4.2809
002684.SZ,20150601,11.4022
002685.SZ,20150601,15.541
002686.SZ,20150601,9.1671
002687.SZ,20150601,6.9312
002688.SZ,20150601,6.7933
002689.SZ,20150601,12.7578
002690.SZ,20150601,22.8813
002691.SZ,20150601,5.82
002692.SZ,20150601,6.9745
002693.SZ,20150601,8.8869
002694.SZ,20150601,6.4182
002695.SZ,20150601,4.5573
002696.SZ,20150601,4.4688
002697.SZ,20150601,5.7145
002698.SZ,20150601,17.5907
002699.SZ,20150601,27.9428
002700.SZ,20150601,10.302
002701.SZ,20150601,8.4444
002702.SZ,20150601,12.0892
002703.SZ,20150601,11.4323
002705.SZ,20150601,5.0779
002706.SZ,20150601,8.0991
002707.SZ,20150601,20.6239
002708.SZ,20150601,8.0455
002709.SZ,20150601,7.9974
002711.SZ,20150601,11.5822
002712.SZ,20150601,6.9224
002713.SZ,20150601,16.5831
002714.SZ,20150601,12.4262
002715.SZ,20150601,11.7971
002716.SZ,20150601,3.6666
002717.SZ,20150601,7.8868
002718.SZ,20150601,11.9988
002719.SZ,20150601,6.0759
002721.SZ,20150601,6.9421
002722.SZ,20150601,9.6022
002723.SZ,20150601,8.8614
002724.SZ,20150601,11.6125
002725.SZ,20150601,6.1996
002726.SZ,20150601,6.0921
002727.SZ,20150601,10.0965
002728.SZ,20150601,11.1058
002729.SZ,20150601,13.2063
002730.SZ,20150601,8.3594
002731.SZ,20150601,7.1249
002732.SZ,20150601,9.535
002733.SZ,20150601,7.2967
002734.SZ,20150601,8.1921
002735.SZ,20150601,10.8623
002736.SZ,20150601,7.1569
002737.SZ,20150601,9.1358
002738.SZ,20150601,11.6461
002739.SZ,20150601,29.9654
002740.SZ,20150601,8.3619
002741.SZ,20150601,12.0008
002742.SZ,20150601,6.867
002743.SZ,20150601,8.4505
002745.SZ,20150601,11.6358
002746.SZ,20150601,6.7478
002747.SZ,20150601,29.2669
002748.SZ,20150601,6.8966
002749.SZ,20150601,10.724
002750.SZ,20150601,12.3437
002751.SZ,20150601,28.0944
002752.SZ,20150601,23.4396
002753.SZ,20150601,5.6044
002755.SZ,20150601,6.1196
002756.SZ,20150601,6.6079
002757.SZ,20150601,3.9778
002758.SZ,20150601,3.9322
002759.SZ,20150601,3.7833
300001.SZ,20150601,18.5485
300002.SZ,20150601,9.6196
300003.SZ,20150601,12.4477
300004.SZ,20150601,8.024
300005.SZ,20150601,15.399
300006.SZ,20150601,14.1493
300007.SZ,20150601,12.7512
300008.SZ,20150601,5.1894
300009.SZ,20150601,16.8659
300010.SZ,20150601,23.4716
300011.SZ,20150601,15.719
300012.SZ,20150601,13.4586
300013.SZ,20150601,22.0756
300014.SZ,20150601,13.9338
300015.SZ,20150601,17.0144
300016.SZ,20150601,30.4521
300017.SZ,20150601,22.1094
300018.SZ,20150601,12.6339
300019.SZ,20150601,12.9259
300020.SZ,20150601,12.6748
300021.SZ,20150601,12.9691
300022.SZ,20150601,86.7731
300023.SZ,20150601,11.997
300024.SZ,20150601,37.2512
300025.SZ,20150601,9.3127
300026.SZ,20150601,6.5511
300027.SZ,20150601,9.3201
300028.SZ,20150601,24.003
300029.SZ,20150601,7.1687
300030.SZ,20150601,13.1221
300031.SZ,20150601,7.2393
300032.SZ,20150601,12.4566
300033.SZ,20150601,43.048
300034.SZ,20150601,13.9423
300035.SZ,20150601,4.73
300036.SZ,20150601,15.5278
300037.SZ,20150601,6.3413
300038.SZ,20150601,8.0971
300039.SZ,20150601,9.2223
300040.SZ,20150601,2.6373
300041.SZ,20150601,8.9508
300042.SZ,20150601,6.6777
300043.SZ,20150601,11.7984
300044.SZ,20150601,13.5794
300045.SZ,20150601,19.209
300046.SZ,20150601,6.1654
300047.SZ,20150601,8.6436
300048.SZ,20150601,4.7348
300049.SZ,20150601,20.387
300050.SZ,20150601,5.5127
300051.SZ,20150601,22.8249
300052.SZ,20150601,12.7574
300053.SZ,20150601,23.5548
300054.SZ,20150601,12.2301
300055.SZ,20150601,10.5228
300056.SZ,20150601,15.5039
300057.SZ,20150601,5.8765
300058.SZ,20150601,9.3527
300059.SZ,20150601,66.2914
300061.SZ,20150601,12.5628
300062.SZ,20150601,5.566
300063.SZ,20150601,15.9493
300064.SZ,20150601,8.6029
300065.SZ,20150601,12.0474
300066.SZ,20150601,7.533
300067.SZ,20150601,9.5106
300068.SZ,20150601,3.6964
300069.SZ,20150601,13.9634
300070.SZ,20150601,10.4824
300071.SZ,20150601,8.3561
300072.SZ,20150601,13.1777
300073.SZ,20150601,6.9208
300074.SZ,20150601,9.2526
300075.SZ,20150601,21.9701
300076.SZ,20150601,6.9786
300077.SZ,20150601,7.3116
300078.SZ,20150601,3.0505
300079.SZ,20150601,6.2408
300080.SZ,20150601,2.3434
300081.SZ,20150601,13.1027
300082.SZ,20150601,3.4299
300083.SZ,20150601,4.2107
300084.SZ,20150601,6.3719
300085.SZ,20150601,70.2919
300086.SZ,20150601,7.5081
300087.SZ,20150601,8.3044
300088.SZ,20150601,5.4193
300089.SZ,20150601,7.9242
300090.SZ,20150601,6.5779
300091.SZ,20150601,12.3116
300092.SZ,20150601,9.089
300093.SZ,20150601,6.3433
300094.SZ,20150601,7.1203
300095.SZ,20150601,6.8999
300096.SZ,20150601,24.9766
300097.SZ,20150601,9.0333
300098.SZ,20150601,6.6648
300099.SZ,20150601,5.5299
300100.SZ,20150601,6.2213
300101.SZ,20150601,12.9175
300102.SZ,20150601,4.7064
300103.SZ,20150601,8.7016
300104.SZ,20150601,40.6661
300105.SZ,20150601,5.8968
300106.SZ,20150601,5.9012
300107.SZ,20150601,7.0909
300108.SZ,20150601,5.0378
300109.SZ,20150601,29.7458
300110.SZ,20150601,3.4629
300111.SZ,20150601,10.3935
300112.SZ,20150601,14.2891
300113.SZ,20150601,15.6567
300114.SZ,20150601,13.3587
300115.SZ,20150601,8.2808
300116.SZ,20150601,6.4834
300117.SZ,20150601,3.7549
300118.SZ,20150601,4.2713
300119.SZ,20150601,4.3442
300120.SZ,20150601,7.2711
300121.SZ,20150601,11.6267
300122.SZ,20150601,13.5869
300123.SZ,20150601,6.4846
300124.SZ,20150601,16.5639
300125.SZ,20150601,6.8362
300126.SZ,20150601,11.5197
300127.SZ,20150601,8.3456
300128.SZ,20150601,5.5948
300129.SZ,20150601,5.5728
300130.SZ,20150601,14.7937
300131.SZ,20150601,27.0904
300132.SZ,20150601,8.3602
300133.SZ,20150601,10.6437
300134.SZ,20150601,12.37
300135.SZ,20150601,11.6763
300136.SZ,20150601,24.9887
300137.SZ,20150601,6.2799
300138.SZ,20150601,4.159
300139.SZ,20150601,6.3943
300140.SZ,20150601,18.2513
300141.SZ,20150601,7.0618
300142.SZ,20150601,6.2169
300143.SZ,20150601,9.2125
300144.SZ,20150601,15.423
300145.SZ,20150601,5.938
300146.SZ,20150601,8.4495
300147.SZ,20150601,12.4273
300148.SZ,20150601,6.9581
300149.SZ,20150601,14.2035
300150.SZ,20150601,7.2967
300151.SZ,20150601,18.4012
300152.SZ,20150601,7.082
300153.SZ,20150601,7.3977
300154.SZ,20150601,5.2379
300155.SZ,20150601,13.853
300156.SZ,20150601,8.9361
300157.SZ,20150601,5.0257
300158.SZ,20150601,2.7574
300159.SZ,20150601,20.4546
300160.SZ,20150601,5.206
300161.SZ,20150601,7.3471
300162.SZ,20150601,10.5737
300163.SZ,20150601,11.8897
300164.SZ,20150601,5.1927
300165.SZ,20150601,6.7397
300166.SZ,20150601,18.176
300167.SZ,20150601,20.6924
300168.SZ,20150601,42.9489
300169.SZ,20150601,4.6734
300170.SZ,20150601,17.9439
300171.SZ,20150601,9.2071
300172.SZ,20150601,8.9181
300173.SZ,20150601,10.6633
300174.SZ,20150601,11.5748
300175.SZ,20150601,9.2717
300176.SZ,20150601,8.3369
300177.SZ,20150601,8.8609
300178.SZ,20150601,21.9037
300179.SZ,20150601,9.8653
300180.SZ,20150601,6.2979
300181.SZ,20150601,11.0964
300182.SZ,20150601,18.0282
300183.SZ,20150601,10.8518
300184.SZ,20150601,15.3244
300185.SZ,20150601,2.3502
300186.SZ,20150601,11.7159
300187.SZ,20150601,11.6072
300188.SZ,20150601,17.6113
300189.SZ,20150601,9.4183
300190.SZ,20150601,8.0906
300191.SZ,20150601,8.5315
300192.SZ,20150601,5.5266
300193.SZ,20150601,3.7636
300194.SZ,20150601,4.3445
300195.SZ,20150601,6.5268
300196.SZ,20150601,6.0808
300197.SZ,20150601,8.3819
300198.SZ,20150601,7.5928
300199.SZ,20150601,13.8408
300200.SZ,20150601,6.3412
300201.SZ,20150601,11.4556
300202.SZ,20150601,20.0819
300203.SZ,20150601,8.1987
300204.SZ,20150601,12.5336
300205.SZ,20150601,11.4004
300206.SZ,20150601,8.9713
300207.SZ,20150601,11.9502
300208.SZ,20150601,29.6655
300209.SZ,20150601,10.6839
300210.SZ,20150601,9.2627
300211.SZ,20150601,11.3843
300212.SZ,20150601,25.0248
300213.SZ,20150601,9.1339
300214.SZ,20150601,3.3066
300215.SZ,20150601,8.188
300216.SZ,20150601,28.1407
300217.SZ,20150601,7.7583
300218.SZ,20150601,5.18
300219.SZ,20150601,11.7984
300220.SZ,20150601,35.355
300221.SZ,20150601,9.8184
300222.SZ,20150601,12.2016
300223.SZ,20150601,8.5486
300224.SZ,20150601,8.3676
300225.SZ,20150601,6.7547
300226.SZ,20150601,47.8281
300227.SZ,20150601,22.228
300228.SZ,20150601,11.6278
300229.SZ,20150601,13.5355
300230.SZ,20150601,8.4474
300231.SZ,20150601,27.5892
300232.SZ,20150601,6.37
300233.SZ,20150601,12.2718
300234.SZ,20150601,14.7139
300235.SZ,20150601,24.0431
300236.SZ,20150601,9.145
300237.SZ,20150601,7.844
300238.SZ,20150601,23.9503
300239.SZ,20150601,13.9527
300240.SZ,20150601,5.1606
300241.SZ,20150601,4.7733
300242.SZ,20150601,7.5698
300243.SZ,20150601,13.6017
300244.SZ,20150601,48.6827
300245.SZ,20150601,15.7014
300246.SZ,20150601,19.8517
300247.SZ,20150601,8.8795
300248.SZ,20150601,36.4831
300249.SZ,20150601,9.243
300250.SZ,20150601,12.5938
300251.SZ,20150601,8.1202
300252.SZ,20150601,34.4657
300253.SZ,20150601,53.8905
300254.SZ,20150601,12.0292
300255.SZ,20150601,10.7795
300256.SZ,20150601,4.7136
300257.SZ,20150601,7.4903
300258.SZ,20150601,5.2092
300259.SZ,20150601,11.8207
300260.SZ,20150601,6.3933
300261.SZ,20150601,14.339
300262.SZ,20150601,15.4278
300263.SZ,20150601,8.9228
300264.SZ,20150601,9.713
300265.SZ,20150601,10.0885
300266.SZ,20150601,20.3145
300267.SZ,20150601,21.7488
300268.SZ,20150601,15.6298
300269.SZ,20150601,7.7311
300270.SZ,20150601,15.6399
300271.SZ,20150601,16.77
300272.SZ,20150601,15.3819
300273.SZ,20150601,21.3696
300274.SZ,20150601,11.9359
300275.SZ,20150601,9.0201
300276.SZ,20150601,25.5009
300277.SZ,20150601,11.9479
300278.SZ,20150601,8.9985
300279.SZ,20150601,8.6226
300280.SZ,20150601,9.1441
300281.SZ,20150601,7.0616
300282.SZ,20150601,3.8005
300283.SZ,20150601,8.3322
300284.SZ,20150601,8.2036
300285.SZ,20150601,7.9591
300286.SZ,20150601,13.2697
300287.SZ,20150601,21.0875
300288.SZ,20150601,35.1904
300289.SZ,20150601,11.5207
300290.SZ,20150601,18.3196
300291.SZ,20150601,8.5235
300292.SZ,20150601,11.0454
300293.SZ,20150601,14.549
300294.SZ,20150601,9.9982
300295.SZ,20150601,18.7429
300296.SZ,20150601,13.4148
300297.SZ,20150601,13.5553
300298.SZ,20150601,9.1225
300299.SZ,20150601,11.2496
300300.SZ,20150601,23.3581
300301.SZ,20150601,10.941
300302.SZ,20150601,21.7882
300303.SZ,20150601,10.0531
300304.SZ,20150601,7.8139
300305.SZ,20150601,4.6768
300306.SZ,20150601,7.9829
300307.SZ,20150601,4.2374
300308.SZ,20150601,9.2829
300309.SZ,20150601,4.8165
300310.SZ,20150601,12.7286
300311.SZ,20150601,26.0012
300312.SZ,20150601,12.2714
300313.SZ,20150601,9.9292
300314.SZ,20150601,17.8563
300315.SZ,20150601,12.5758
300316.SZ,20150601,11.7232
300317.SZ,20150601,11.8893
300318.SZ,20150601,18.3016
300319.SZ,20150601,14.288
300320.SZ,20150601,8.8046
300321.SZ,20150601,8.4797
300322.SZ,20150601,9.5388
300323.SZ,20150601,3.6096
300324.SZ,20150601,32.2019
300325.SZ,20150601,9.8845
300326.SZ,20150601,13.4984
300327.SZ,20150601,8.603
300328.SZ,20150601,19.4544
300329.SZ,20150601,10.5472
300330.SZ,20150601,10.8357
300331.SZ,20150601,15.623
300332.SZ,20150601,9.1154
300333.SZ,20150601,19.457
300334.SZ,20150601,15.0154
300335.SZ,20150601,10.5869
300336.SZ,20150601,9.7525
300337.SZ,20150601,8.2352
300338.SZ,20150601,9.6831
300339.SZ,20150601,13.7353
300340.SZ,20150601,5.671
300341.SZ,20150601,15.4638
300342.SZ,20150601,10.613
300343.SZ,20150601,20.7439
300344.SZ,20150601,6.7501
300345.SZ,20150601,9.7767
300346.SZ,20150601,5.1822
300347.SZ,20150601,26.2862
300348.SZ,20150601,48.9342
300349.SZ,20150601,10.7799
300350.SZ,20150601,27.0559
300351.SZ,20150601,15.9837
300352.SZ,20150601,24.8621
300353.SZ,20150601,28.3711
300354.SZ,20150601,22.4444
300355.SZ,20150601,7.414
300356.SZ,20150601,9.5646
300357.SZ,20150601,22.7782
300358.SZ,20150601,16.1392
300359.SZ,20150601,91.5193
300360.SZ,20150601,11.5125
300362.SZ,20150601,11.7171
300363.SZ,20150601,20.7458
300364.SZ,20150601,39.7025
300365.SZ,20150601,13.9068
300366.SZ,20150601,10.9261
300367.SZ,20150601,36.7322
300368.SZ,20150601,12.0741
300369.SZ,20150601,22.4896
300370.SZ,20150601,19.1451
300371.SZ,20150601,11.3113
300372.SZ,20150601,7.7086
300373.SZ,20150601,17.6455
300374.SZ,20150601,10.6467
300375.SZ,20150601,7.0585
300376.SZ,20150601,14.0234
300377.SZ,20150601,53.1524
300378.SZ,20150601,21.4093
300379.SZ,20150601,20.2738
300380.SZ,20150601,54.2991
300381.SZ,20150601,5.7964
300382.SZ,20150601,14.1829
300383.SZ,20150601,41.1984
300384.SZ,20150601,30.7963
300385.SZ,20150601,12.2076
300386.SZ,20150601,16.0866
300387.SZ,20150601,6.4038
300388.SZ,20150601,19.3886
300389.SZ,20150601,14.8872
300390.SZ,20150601,20.3368
300391.SZ,20150601,17.8224
300392.SZ,20150601,32.5994
300393.SZ,20150601,10.9434
300394.SZ,20150601,14.6476
300395.SZ,20150601,10.6154
300396.SZ,20150601,8.2794
300397.SZ,20150601,12.4349
300398.SZ,20150601,17.0567
300399.SZ,20150601,42.2717
300400.SZ,20150601,25.6693
300401.SZ,20150601,9.2931
300402.SZ,20150601,6.8773
300403.SZ,20150601,9.5463
300404.SZ,20150601,32.5726
300405.SZ,20150601,7.9553
300406.SZ,20150601,19.721
300407.SZ,20150601,13.0121
300408.SZ,20150601,14.2104
300409.SZ,20150601,19.845
300410.SZ,20150601,13.6469
300411.SZ,20150601,14.4428
300412.SZ,20150601,22.016
300413.SZ,20150601,23.2559
300414.SZ,20150601,9.961
300415.SZ,20150601,10.8663
300416.SZ,20150601,15.8654
300417.SZ,20150601,15.5029
300418.SZ,20150601,18.1405
300419.SZ,20150601,19.3698
300420.SZ,20150601,8.1624
300421.SZ,20150601,9.6438
300422.SZ,20150601,22.3662
300423.SZ,20150601,13.6697
300424.SZ,20150601,28.2177
300425.SZ,20150601,6.921
300426.SZ,20150601,17.6011
300427.SZ,20150601,13.4636
300428.SZ,20150601,10.414
300429.SZ,20150601,17.0057
300430.SZ,20150601,16.7015
300431.SZ,20150601,66.9341
300432.SZ,20150601,14.4298
300433.SZ,20150601,9.9566
300434.SZ,20150601,24.8587
300435.SZ,20150601,12.1525
300436.SZ,20150601,38.0865
300437.SZ,20150601,26.6969
300438.SZ,20150601,17.2211
300439.SZ,20150601,17.4905
300440.SZ,20150601,12.6172
300441.SZ,20150601,18.7553
300442.SZ,20150601,12.6396
300443.SZ,20150601,13.2989
300444.SZ,20150601,17.0414
300445.SZ,20150601,23.8018
300446.SZ,20150601,26.2654
300447.SZ,20150601,30.3263
300448.SZ,20150601,32.1359
300449.SZ,20150601,26.774
300450.SZ,20150601,8.6748
300451.SZ,20150601,7.8807
300452.SZ,20150601,8.4946
300453.SZ,20150601,8.5667
300455.SZ,20150601,7.3745
300456.SZ,20150601,9.8446
300457.SZ,20150601,9.2715
300458.SZ,20150601,5.8001
300459.SZ,20150601,5.7369
300460.SZ,20150601,7.1932
300461.SZ,20150601,6.0443
300462.SZ,20150601,3.9538
300463.SZ,20150601,5.0534
300465.SZ,20150601,3.759
300466.SZ,20150601,3.2389
300467.SZ,20150601,6.4463
300468.SZ,20150601,4.6922
600000.SH,20150601,1.1715
600004.SH,20150601,2.4934
600005.SH,20150601,1.7171
600006.SH,20150601,3.4255
600007.SH,20150601,3.3727
600008.SH,20150601,4.7019
600009.SH,20150601,3.2089
600010.SH,20150601,4.442
600011.SH,20150601,2.4388
600012.SH,20150601,3.3404
600015.SH,20150601,1.3355
600016.SH,20150601,1.4011
600017.SH,20150601,2.384
600018.SH,20150601,4.2485
600019.SH,20150601,1.2807
600020.SH,20150601,2.3324
600021.SH,20150601,6.7039
600022.SH,20150601,2.8055
600023.SH,20150601,3.2617
600026.SH,20150601,1.8694
600027.SH,20150601,2.4411
600028.SH,20150601,1.3522
600029.SH,20150601,2.7104
600030.SH,20150601,3.4441
600031.SH,20150601,4.4242
600033.SH,20150601,2.2943
600035.SH,20150601,3.0998
600036.SH,20150601,1.4333
600037.SH,20150601,5.8007
600038.SH,20150601,7.9495
600039.SH,20150601,3.0748
600048.SH,20150601,2.1643
600050.SH,20150601,2.3935
600051.SH,20150601,2.4422
600052.SH,20150601,4.4079
600053.SH,20150601,6.4835
600054.SH,20150601,4.993
600055.SH,20150601,17.8583
600056.SH,20150601,4.4177
600057.SH,20150601,4.6744
600058.SH,20150601,3.6731
600059.SH,20150601,3.061
600060.SH,20150601,3.8664
600061.SH,20150601,4.8749
600062.SH,20150601,3.0644
600063.SH,20150601,3.7275
600064.SH,20150601,2.5139
600066.SH,20150601,5.4275
600067.SH,20150601,2.6319
600068.SH,20150601,2.8672
600069.SH,20150601,6.999
600070.SH,20150601,6.1161
600071.SH,20150601,14.0855
600072.SH,20150601,16.5952
600073.SH,20150601,4.7801
600074.SH,20150601,32.8238
600075.SH,20150601,4.215
600076.SH,20150601,45.1012
600077.SH,20150601,4.0017
600078.SH,20150601,5.3
600079.SH,20150601,4.3792
600080.SH,20150601,4.8505
600081.SH,20150601,7.6236
600082.SH,20150601,3.5496
600083.SH,20150601,80.7538
600084.SH,20150601,4.2971
600085.SH,20150601,8.5442
600086.SH,20150601,5.6549
600088.SH,20150601,13.7767
600089.SH,20150601,2.8647
600090.SH,20150601,19.0944
600091.SH,20150601,19.1598
600093.SH,20150601,17.1293
600094.SH,20150601,8.3296
600095.SH,20150601,7.7216
600096.SH,20150601,3.9785
600097.SH,20150601,6.0619
600098.SH,20150601,2.712
600099.SH,20150601,6.2304
600100.SH,20150601,5.5513
600101.SH,20150601,2.671
600103.SH,20150601,8.3698
600104.SH,20150601,1.6656
600105.SH,20150601,6.4543
600106.SH,20150601,3.9494
600107.SH,20150601,12.6952
600108.SH,20150601,5.1356
600109.SH,20150601,5.8237
600110.SH,20150601,7.112
600111.SH,20150601,10.7316
600112.SH,20150601,13.7467
600113.SH,20150601,9.5265
600114.SH,20150601,5.9709
600115.SH,20150601,4.0673
600116.SH,20150601,3.5431
600117.SH,20150601,2.8619
600118.SH,20150601,21.2063
600119.SH,20150601,13.119
600120.SH,20150601,4.4836
600121.SH,20150601,2.4732
600122.SH,20150601,2.4211
600123.SH,20150601,1.5507
600125.SH,20150601,4.0658
600126.SH,20150601,3.3517
600127.SH,20150601,6.803
600128.SH,20150601,3.5648
600129.SH,20150601,15.9548
600130.SH,20150601,11.9758
600131.SH,20150601,6.6098
600132.SH,20150601,9.9977
600133.SH,20150601,5.9212
600135.SH,20150601,6.9403
600136.SH,20150601,5.1107
600137.SH,20150601,9.2365
600138.SH,20150601,4.4912
600139.SH,20150601,11.3538
600141.SH,20150601,2.0049
600143.SH,20150601,4.9416
600145.SH,20150601,nan
600146.SH,20150601,50.3147
600148.SH,20150601,11.5544
600149.SH,20150601,30.2351
600150.SH,20150601,4.8464
600151.SH,20150601,5.2593
600152.SH,20150601,8.2975
600153.SH,20150601,3.0105
600155.SH,20150601,69.2149
600156.SH,20150601,8.0213
600157.SH,20150601,4.185
600158.SH,20150601,19.3774
600159.SH,20150601,3.3179
600160.SH,20150601,3.024
600161.SH,20150601,12.803
600162.SH,20150601,4.726
600163.SH,20150601,10.0189
600165.SH,20150601,8.2282
600166.SH,20150601,1.8751
600167.SH,20150601,4.8687
600168.SH,20150601,2.883
600169.SH,20150601,5.2313
600170.SH,20150601,4.6196
600171.SH,20150601,12.2421
600172.SH,20150601,4.1954
600173.SH,20150601,5.8762
600175.SH,20150601,5.6564
600176.SH,20150601,6.4161
600177.SH,20150601,2.8248
600178.SH,20150601,4.0072
600179.SH,20150601,nan
600180.SH,20150601,15.6875
600182.SH,20150601,9.3575
600183.SH,20150601,4.7592
600184.SH,20150601,16.8506
600185.SH,20150601,6.8419
600186.SH,20150601,21.0125
600187.SH,20150601,5.5286
600188.SH,20150601,2.0704
600189.SH,20150601,3.9193
600190.SH,20150601,3.8384
600191.SH,20150601,2.898
600192.SH,20150601,3.6993
600193.SH,20150601,39.0443
600195.SH,20150601,5.2319
600196.SH,20150601,4.68
600197.SH,20150601,4.4702
600198.SH,20150601,11.7818
600199.SH,20150601,3.6329
600200.SH,20150601,23.8263
600201.SH,20150601,14.3513
600202.SH,20150601,8.155
600203.SH,20150601,5.6872
600206.SH,20150601,6.9634
600207.SH,20150601,9.556
600208.SH,20150601,3.6875
600209.SH,20150601,6.3693
600210.SH,20150601,3.9937
600211.SH,20150601,21.5588
600212.SH,20150601,6.2837
600213.SH,20150601,107.4857
600215.SH,20150601,2.6431
600216.SH,20150601,2.2181
600217.SH,20150601,10.8869
600218.SH,20150601,3.7682
600219.SH,20150601,1.4747
600220.SH,20150601,9.7548
600221.SH,20150601,2.2994
600222.SH,20150601,5.9295
600223.SH,20150601,5.9228
600225.SH,20150601,4.3646
600226.SH,20150601,4.0176
600227.SH,20150601,4.0391
600228.SH,20150601,64.29
600229.SH,20150601,10.3927
600230.SH,20150601,3.0888
600231.SH,20150601,1.938
600232.SH,20150601,1.9579
600233.SH,20150601,3.9153
600234.SH,20150601,112.6987
600235.SH,20150601,4.5598
600236.SH,20150601,5.3427
600237.SH,20150601,4.7771
600238.SH,20150601,9.5022
600239.SH,20150601,2.6693
600240.SH,20150601,7.5781
600241.SH,20150601,11.1791
600242.SH,20150601,nan
600243.SH,20150601,5.5844
600246.SH,20150601,1.8068
600247.SH,20150601,269.5897
600248.SH,20150601,4.2614
600249.SH,20150601,3.4317
600250.SH,20150601,13.7443
600251.SH,20150601,6.7809
600252.SH,20150601,5.0547
600255.SH,20150601,5.1092
600256.SH,20150601,5.3605
600257.SH,20150601,7.817
600258.SH,20150601,3.6209
600259.SH,20150601,22.9078
600260.SH,20150601,5.06
600261.SH,20150601,5.8742
600262.SH,20150601,6.7314
600265.SH,20150601,9715.4514
600266.SH,20150601,1.7966
600267.SH,20150601,3.702
600268.SH,20150601,5.6749
600269.SH,20150601,1.5919
600270.SH,20150601,4.2448
600271.SH,20150601,14.4599
600272.SH,20150601,11.637
600273.SH,20150601,7.7207
600275.SH,20150601,35.52
600276.SH,20150601,11.5774
600277.SH,20150601,3.3645
600278.SH,20150601,4.3472
600279.SH,20150601,2.5991
600280.SH,20150601,12.4724
600281.SH,20150601,7.8891
600282.SH,20150601,2.8287
600283.SH,20150601,4.5018
600284.SH,20150601,2.6614
600285.SH,20150601,4.5128
600287.SH,20150601,6.2555
600288.SH,20150601,9.7112
600289.SH,20150601,9.3312
600290.SH,20150601,4.984
600291.SH,20150601,3.7721
600292.SH,20150601,4.2113
600293.SH,20150601,8.9426
600295.SH,20150601,1.9825
600297.SH,20150601,9.0219
600298.SH,20150601,3.8912
600299.SH,20150601,19.2432
600300.SH,20150601,6.4695
600301.SH,20150601,nan
600302.SH,20150601,5.1783
600303.SH,20150601,2.171
600305.SH,20150601,6.9303
600306.SH,20150601,48.8007
600307.SH,20150601,2.6291
600308.SH,20150601,1.3857
600309.SH,20150601,5.8505
600310.SH,20150601,2.9347
600311.SH,20150601,8.4318
600312.SH,20150601,4.8166
600313.SH,20150601,7.2116
600315.SH,20150601,9.3271
600316.SH,20150601,6.9704
600317.SH,20150601,4.7486
600318.SH,20150601,8.3703
600319.SH,20150601,25.4848
600320.SH,20150601,3.0172
600321.SH,20150601,4.9461
600322.SH,20150601,1.8663
600323.SH,20150601,3.8237
600325.SH,20150601,1.851
600326.SH,20150601,7.8058
600327.SH,20150601,6.5952
600328.SH,20150601,5.2706
600329.SH,20150601,7.7884
600330.SH,20150601,5.1091
600331.SH,20150601,5.1999
600332.SH,20150601,7.1279
600333.SH,20150601,3.3262
600335.SH,20150601,3.8414
600336.SH,20150601,8.3241
600337.SH,20150601,4.1056
600338.SH,20150601,236.3713
600339.SH,20150601,5.9758
600340.SH,20150601,7.807
600343.SH,20150601,11.0084
600345.SH,20150601,4.6341
600346.SH,20150601,7.8838
600348.SH,20150601,2.1003
600350.SH,20150601,2.0567
600351.SH,20150601,7.1445
600352.SH,20150601,4.5149
600353.SH,20150601,8.1931
600354.SH,20150601,9.0983
600355.SH,20150601,11.7823
600356.SH,20150601,2.2125
600358.SH,20150601,32.483
600359.SH,20150601,5.9023
600360.SH,20150601,4.6055
600361.SH,20150601,2.8713
600362.SH,20150601,1.9909
600363.SH,20150601,7.0084
600365.SH,20150601,8.4145
600366.SH,20150601,5.7573
600367.SH,20150601,4.4259
600368.SH,20150601,2.6589
600369.SH,20150601,3.9824
600370.SH,20150601,4.5158
600371.SH,20150601,16.4493
600372.SH,20150601,15.388
600373.SH,20150601,4.9827
600375.SH,20150601,2.7186
600376.SH,20150601,2.1071
600377.SH,20150601,2.2039
600378.SH,20150601,9.2531
600379.SH,20150601,13.6559
600380.SH,20150601,7.5726
600381.SH,20150601,19.6279
600382.SH,20150601,2.6553
600383.SH,20150601,1.9418
600385.SH,20150601,60.81
600386.SH,20150601,4.8292
600387.SH,20150601,8.1826
600388.SH,20150601,9.0904
600389.SH,20150601,6.2569
600390.SH,20150601,9.4503
600391.SH,20150601,14.6853
600392.SH,20150601,11.4333
600393.SH,20150601,4.2477
600395.SH,20150601,3.7855
600396.SH,20150601,3.7947
600397.SH,20150601,3.5501
600398.SH,20150601,11.7
600399.SH,20150601,11.042
600400.SH,20150601,7.2302
600401.SH,20150601,4.9897
600403.SH,20150601,2.2203
600405.SH,20150601,10.4663
600406.SH,20150601,9.8562
600408.SH,20150601,4.9221
600409.SH,20150601,2.9938
600410.SH,20150601,13.0859
600415.SH,20150601,9.7639
600416.SH,20150601,4.4681
600418.SH,20150601,2.6451
600419.SH,20150601,11.8189
600420.SH,20150601,13.0082
600421.SH,20150601,689.965
600422.SH,20150601,7.6692
600423.SH,20150601,3.9204
600425.SH,20150601,2.6944
600426.SH,20150601,2.177
600428.SH,20150601,2.8971
600429.SH,20150601,3.7851
600432.SH,20150601,3.9013
600433.SH,20150601,11.3246
600435.SH,20150601,21.2587
600436.SH,20150601,11.6338
600438.SH,20150601,7.8276
600439.SH,20150601,4.0604
600444.SH,20150601,nan
600446.SH,20150601,71.0624
600448.SH,20150601,5.5242
600449.SH,20150601,1.7099
600452.SH,20150601,7.5507
600455.SH,20150601,26.7241
600456.SH,20150601,3.3626
600458.SH,20150601,7.4034
600459.SH,20150601,4.5773
600460.SH,20150601,6.1418
600461.SH,20150601,2.2661
600462.SH,20150601,22.1456
600463.SH,20150601,7.5159
600466.SH,20150601,4.5087
600467.SH,20150601,3.2827
600468.SH,20150601,23.8295
600469.SH,20150601,2.8273
600470.SH,20150601,3.3208
600475.SH,20150601,4.179
600476.SH,20150601,25.8511
600477.SH,20150601,7.2552
600478.SH,20150601,24.8749
600479.SH,20150601,7.0825
600480.SH,20150601,4.0832
600481.SH,20150601,11.0535
600482.SH,20150601,10.8099
600483.SH,20150601,3.9296
600485.SH,20150601,17.4392
600486.SH,20150601,4.4759
600487.SH,20150601,3.9742
600488.SH,20150601,4.2099
600489.SH,20150601,4.494
600490.SH,20150601,14.6644
600491.SH,20150601,4.62
600493.SH,20150601,6.9864
600495.SH,20150601,5.6503
600496.SH,20150601,4.4829
600497.SH,20150601,3.8131
600498.SH,20150601,5.9105
600499.SH,20150601,5.4442
600500.SH,20150601,3.2204
600501.SH,20150601,9.2985
600502.SH,20150601,5.09
600503.SH,20150601,11.9189
600505.SH,20150601,6.8001
600506.SH,20150601,12.5719
600507.SH,20150601,3.8484
600508.SH,20150601,1.3653
600509.SH,20150601,3.0015
600510.SH,20150601,3.0387
600511.SH,20150601,7.9469
600512.SH,20150601,3.8756
600513.SH,20150601,8.0627
600515.SH,20150601,8.41
600516.SH,20150601,3.9105
600517.SH,20150601,9.0431
600518.SH,20150601,5.5773
600519.SH,20150601,5.3648
600520.SH,20150601,12.375
600521.SH,20150601,6.2176
600522.SH,20150601,3.458
600523.SH,20150601,4.7198
600525.SH,20150601,9.8437
600526.SH,20150601,6.2594
600527.SH,20150601,5.0562
600528.SH,20150601,5.3084
600529.SH,20150601,2.5414
600530.SH,20150601,4.6093
600531.SH,20150601,4.8279
600532.SH,20150601,8.9086
600533.SH,20150601,2.4542
600535.SH,20150601,9.6996
600536.SH,20150601,16.8054
600537.SH,20150601,5.0983
600538.SH,20150601,10.4887
600539.SH,20150601,7.066
600540.SH,20150601,4.323
600543.SH,20150601,5.8487
600545.SH,20150601,6.5765
600546.SH,20150601,2.775
600547.SH,20150601,4.6235
600548.SH,20150601,2.1232
600549.SH,20150601,4.8277
600550.SH,20150601,21.9453
600551.SH,20150601,3.8889
600552.SH,20150601,7.2709
600555.SH,20150601,11.784
600556.SH,20150601,3209.2611
600557.SH,20150601,6.8298
600558.SH,20150601,4.3249
600559.SH,20150601,15.1772
600560.SH,20150601,8.5962
600561.SH,20150601,3.0074
600562.SH,20150601,20.3043
600563.SH,20150601,5.8193
600565.SH,20150601,5.3788
600566.SH,20150601,11.5665
600567.SH,20150601,3.3749
600568.SH,20150601,5.1123
600569.SH,20150601,1.7033
600570.SH,20150601,41.2669
600571.SH,20150601,45.2583
600572.SH,20150601,5.5302
600573.SH,20150601,3.8157
600575.SH,20150601,3.4188
600576.SH,20150601,29.3895
600577.SH,20150601,7.1928
600578.SH,20150601,2.5979
600579.SH,20150601,11.5658
600580.SH,20150601,5.897
600581.SH,20150601,6.0309
600582.SH,20150601,3.739
600583.SH,20150601,2.9436
600584.SH,20150601,7.3152
600585.SH,20150601,2.0311
600586.SH,20150601,3.2278
600587.SH,20150601,7.6631
600588.SH,20150601,25.7572
600589.SH,20150601,3.1992
600590.SH,20150601,5.544
600592.SH,20150601,3.3375
600593.SH,20150601,11.2839
600594.SH,20150601,7.3604
600595.SH,20150601,3.2664
600596.SH,20150601,2.5772
600597.SH,20150601,5.683
600598.SH,20150601,8.2432
600599.SH,20150601,8.7424
600600.SH,20150601,4.4176
600601.SH,20150601,8.1682
600602.SH,20150601,4.6008
600603.SH,20150601,111.731
600604.SH,20150601,10.5443
600605.SH,20150601,7.8129
600606.SH,20150601,10.5056
600608.SH,20150601,nan
600609.SH,20150601,30.739
600610.SH,20150601,19.7961
600611.SH,20150601,5.6008
600612.SH,20150601,7.2159
600613.SH,20150601,6.3558
600614.SH,20150601,5.9527
600615.SH,20150601,10.6141
600616.SH,20150601,4.3012
600617.SH,20150601,9.9412
600618.SH,20150601,7.8298
600619.SH,20150601,4.1726
600620.SH,20150601,11.5695
600621.SH,20150601,5.138
600622.SH,20150601,2.3166
600623.SH,20150601,8.7103
600624.SH,20150601,9.1237
600626.SH,20150601,6.964
600628.SH,20150601,2.9107
600629.SH,20150601,16.6028
600630.SH,20150601,5.131
600633.SH,20150601,8.4762
600634.SH,20150601,7.3599
600635.SH,20150601,7.6693
600636.SH,20150601,4.9896
600637.SH,20150601,11.9473
600638.SH,20150601,3.4734
600639.SH,20150601,3.5488
600640.SH,20150601,6.0179
600641.SH,20150601,2.1733
600642.SH,20150601,2.4383
600643.SH,20150601,5.2011
600644.SH,20150601,8.3567
600645.SH,20150601,21.0321
600647.SH,20150601,25.2414
600648.SH,20150601,4.93
600649.SH,20150601,1.1662
600650.SH,20150601,6.5859
600651.SH,20150601,6.5878
600652.SH,20150601,9.6133
600653.SH,20150601,8.3564
600654.SH,20150601,14.5981
600655.SH,20150601,3.8948
600657.SH,20150601,1.9638
600658.SH,20150601,3.7646
600660.SH,20150601,3.0021
600661.SH,20150601,18.0894
600662.SH,20150601,5.919
600663.SH,20150601,9.0239
600664.SH,20150601,2.9538
600665.SH,20150601,3.3986
600666.SH,20150601,9.7118
600667.SH,20150601,4.0206
600668.SH,20150601,3.5932
600671.SH,20150601,47.1298
600673.SH,20150601,6.9046
600674.SH,20150601,3.7083
600675.SH,20150601,4.6176
600676.SH,20150601,4.9399
600677.SH,20150601,8.7716
600678.SH,20150601,729.0166
600679.SH,20150601,9.0262
600680.SH,20150601,7.6915
600681.SH,20150601,124.0064
600682.SH,20150601,14.4852
600683.SH,20150601,4.8592
600684.SH,20150601,5.3209
600685.SH,20150601,9.5588
600686.SH,20150601,5.0115
600687.SH,20150601,13.5092
600688.SH,20150601,5.8028
600689.SH,20150601,8.5929
600690.SH,20150601,4.1053
600691.SH,20150601,2.4799
600692.SH,20150601,11.6553
600693.SH,20150601,3.9789
600694.SH,20150601,2.6638
600695.SH,20150601,9.0468
600696.SH,20150601,10.2986
600697.SH,20150601,3.5429
600698.SH,20150601,16.2532
600699.SH,20150601,13.9695
600701.SH,20150601,13.0227
600702.SH,20150601,3.8995
600703.SH,20150601,6.2071
600704.SH,20150601,6.6128
600705.SH,20150601,6.6494
600706.SH,20150601,7.0344
600707.SH,20150601,10.5489
600708.SH,20150601,5.472
600710.SH,20150601,3.2903
600711.SH,20150601,6.8775
600712.SH,20150601,6.6327
600713.SH,20150601,7.6284
600714.SH,20150601,9.3862
600715.SH,20150601,nan
600716.SH,20150601,5.1011
600717.SH,20150601,2.373
600718.SH,20150601,7.2815
600719.SH,20150601,2.7239
600720.SH,20150601,1.9451
600721.SH,20150601,7.3437
600722.SH,20150601,8.3731
600723.SH,20150601,2.6844
600724.SH,20150601,3.6252
600725.SH,20150601,48.614
600726.SH,20150601,4.8756
600727.SH,20150601,4.422
600728.SH,20150601,21.1228
600729.SH,20150601,3.5533
600730.SH,20150601,8.2845
600731.SH,20150601,6.6289
600732.SH,20150601,9.1235
600733.SH,20150601,45.2449
600734.SH,20150601,33.2502
600735.SH,20150601,14.5231
600736.SH,20150601,3.5001
600737.SH,20150601,5.8818
600738.SH,20150601,4.5462
600739.SH,20150601,3.3491
600740.SH,20150601,3.1235
600741.SH,20150601,2.3766
600742.SH,20150601,2.13
600743.SH,20150601,3.7593
600744.SH,20150601,6.5634
600745.SH,20150601,7.8771
600746.SH,20150601,9.9955
600747.SH,20150601,4.2949
600748.SH,20150601,4.3641
600749.SH,20150601,8.2345
600750.SH,20150601,6.1372
600751.SH,20150601,3.5216
600753.SH,20150601,46.8078
600754.SH,20150601,3.5029
600755.SH,20150601,3.0681
600756.SH,20150601,7.8264
600757.SH,20150601,4.1015
600758.SH,20150601,12.3654
600759.SH,20150601,5.8324
600760.SH,20150601,11.9688
600761.SH,20150601,3.4818
600763.SH,20150601,26.7652
600764.SH,20150601,14.8976
600765.SH,20150601,6.7065
600766.SH,20150601,106.1561
600767.SH,20150601,32.3531
600768.SH,20150601,43.5878
600769.SH,20150601,144.9929
600770.SH,20150601,10.5408
600771.SH,20150601,156.1723
600773.SH,20150601,5.7068
600774.SH,20150601,9.8119
600775.SH,20150601,7.0425
600776.SH,20150601,9.0244
600777.SH,20150601,6.4895
600778.SH,20150601,2.8726
600779.SH,20150601,5.1891
600780.SH,20150601,2.9241
600781.SH,20150601,16.0289
600782.SH,20150601,1.5991
600783.SH,20150601,13.0346
600784.SH,20150601,5.8472
600785.SH,20150601,3.8241
600787.SH,20150601,4.5615
600789.SH,20150601,7.3168
600790.SH,20150601,4.0186
600791.SH,20150601,4.2714
600792.SH,20150601,2.9569
600793.SH,20150601,54.6993
600794.SH,20150601,7.6312
600795.SH,20150601,2.7604
600796.SH,20150601,10.338
600797.SH,20150601,5.4117
600798.SH,20150601,4.7252
600800.SH,20150601,103.7625
600801.SH,20150601,1.8695
600802.SH,20150601,3.467
600803.SH,20150601,5.3026
600804.SH,20150601,12.0536
600805.SH,20150601,2.4812
600806.SH,20150601,4.3192
600807.SH,20150601,32.4045
600808.SH,20150601,2.2361
600809.SH,20150601,5.0764
600810.SH,20150601,2.4835
600811.SH,20150601,2.2492
600812.SH,20150601,3.6045
600814.SH,20150601,6.345
600815.SH,20150601,4.1902
600816.SH,20150601,10.2771
600817.SH,20150601,16.7878
600818.SH,20150601,51.8474
600819.SH,20150601,3.634
600820.SH,20150601,4.287
600821.SH,20150601,10.8674
600822.SH,20150601,8.7436
600823.SH,20150601,1.6871
600824.SH,20150601,6.7994
600825.SH,20150601,7.3904
600826.SH,20150601,4.0185
600827.SH,20150601,2.2744
600828.SH,20150601,3.8982
600829.SH,20150601,7.6478
600830.SH,20150601,3.962
600831.SH,20150601,7.512
600833.SH,20150601,10.9802
600834.SH,20150601,9.3755
600835.SH,20150601,6.6183
600836.SH,20150601,21.6017
600837.SH,20150601,2.8227
600838.SH,20150601,9.2928
600839.SH,20150601,2.97
600841.SH,20150601,5.5173
600843.SH,20150601,6.2028
600844.SH,20150601,11.0444
600845.SH,20150601,12.0377
600846.SH,20150601,5.7665
600847.SH,20150601,6.8469
600848.SH,20150601,81.7554
600850.SH,20150601,22.218
600851.SH,20150601,3.6356
600853.SH,20150601,7.6835
600854.SH,20150601,2.8373
600855.SH,20150601,19.2157
600856.SH,20150601,12.1601
600857.SH,20150601,11.1889
600858.SH,20150601,2.4255
600859.SH,20150601,2.2102
600860.SH,20150601,6.4574
600861.SH,20150601,2.7254
600862.SH,20150601,23.8613
600863.SH,20150601,3.6366
600864.SH,20150601,2.7313
600865.SH,20150601,6.2354
600866.SH,20150601,3.7781
600867.SH,20150601,16.9494
600868.SH,20150601,7.4001
600869.SH,20150601,9.1446
600870.SH,20150601,506.4457
600871.SH,20150601,5.326
600872.SH,20150601,7.1893
600873.SH,20150601,4.3489
600874.SH,20150601,5.6272
600875.SH,20150601,2.9562
600876.SH,20150601,570.4606
600877.SH,20150601,69.1191
600879.SH,20150601,4.848
600880.SH,20150601,5.1831
600881.SH,20150601,3.821
600882.SH,20150601,3.9479
600883.SH,20150601,9.2176
600884.SH,20150601,3.2699
600885.SH,20150601,8.2584
600886.SH,20150601,3.2862
600887.SH,20150601,7.279
600888.SH,20150601,2.7814
600889.SH,20150601,6.5033
600890.SH,20150601,19.7757
600891.SH,20150601,5.8765
600892.SH,20150601,487.5365
600893.SH,20150601,9.9936
600894.SH,20150601,5.4851
600895.SH,20150601,6.4388
600896.SH,20150601,2.2579
600897.SH,20150601,3.7774
600898.SH,20150601,14.7194
600900.SH,20150601,2.6015
600917.SH,20150601,8.095
600958.SH,20150601,6.6899
600959.SH,20150601,14.7221
600960.SH,20150601,4.2986
600961.SH,20150601,12.906
600962.SH,20150601,7.1983
600963.SH,20150601,1.5288
600965.SH,20150601,8.6509
600966.SH,20150601,2.2018
600967.SH,20150601,6.0971
600969.SH,20150601,2.5304
600970.SH,20150601,4.7876
600971.SH,20150601,1.5644
600973.SH,20150601,3.7496
600975.SH,20150601,7.42
600976.SH,20150601,7.3877
600978.SH,20150601,4.3597
600979.SH,20150601,5.5174
600980.SH,20150601,17.6184
600981.SH,20150601,9.3518
600982.SH,20150601,3.4322
600983.SH,20150601,3.017
600984.SH,20150601,5.6014
600985.SH,20150601,4.3283
600986.SH,20150601,17.4212
600987.SH,20150601,4.4689
600988.SH,20150601,8.8327
600990.SH,20150601,20.7124
600992.SH,20150601,3.3782
600993.SH,20150601,9.5765
600995.SH,20150601,4.1262
600997.SH,20150601,1.6187
600998.SH,20150601,6.39
600999.SH,20150601,4.3269
601000.SH,20150601,3.4234
601001.SH,20150601,2.7451
601002.SH,20150601,6.9673
601003.SH,20150601,2.7366
601005.SH,20150601,2.6678
601006.SH,20150601,2.1931
601007.SH,20150601,5.8176
601008.SH,20150601,4.3626
601009.SH,20150601,1.7597
601010.SH,20150601,7.1033
601011.SH,20150601,2.6226
601012.SH,20150601,10.346
601015.SH,20150601,5.9131
601016.SH,20150601,16.5319
601018.SH,20150601,5.2235
601021.SH,20150601,9.2056
601028.SH,20150601,5.448
601038.SH,20150601,3.6791
601058.SH,20150601,3.0881
601069.SH,20150601,11.6002
601088.SH,20150601,1.5099
601098.SH,20150601,4.9081
601099.SH,20150601,8.8877
601100.SH,20150601,3.2607
601101.SH,20150601,2.0825
601106.SH,20150601,8.0359
601107.SH,20150601,2.2377
601111.SH,20150601,2.735
601113.SH,20150601,5.4452
601116.SH,20150601,3.989
601117.SH,20150601,2.5114
601118.SH,20150601,5.5777
601126.SH,20150601,4.5518
601137.SH,20150601,3.1517
601139.SH,20150601,4.0215
601158.SH,20150601,4.9145
601166.SH,20150601,1.4305
601168.SH,20150601,2.5025
601169.SH,20150601,1.4
601177.SH,20150601,3.4715
601179.SH,20150601,3.2325
601186.SH,20150601,2.8441
601188.SH,20150601,2.8891
601198.SH,20150601,8.4406
601199.SH,20150601,4.1678
601208.SH,20150601,4.1187
601216.SH,20150601,9.1351
601218.SH,20150601,5.7722
601222.SH,20150601,4.2963
601225.SH,20150601,3.2734
601226.SH,20150601,7.0046
601231.SH,20150601,7.159
601233.SH,20150601,3.0056
601238.SH,20150601,2.2725
601258.SH,20150601,3.6132
601288.SH,20150601,1.0897
601311.SH,20150601,6.1059
601313.SH,20150601,6.5445
601318.SH,20150601,2.5385
601328.SH,20150601,1.1369
601333.SH,20150601,2.0877
601336.SH,20150601,3.5863
601339.SH,20150601,2.722
601369.SH,20150601,3.7489
601377.SH,20150601,5.6224
601388.SH,20150601,5.3781
601390.SH,20150601,3.808
601398.SH,20150601,1.1821
601515.SH,20150601,8.4921
601518.SH,20150601,3.4233
601519.SH,20150601,18.5616
601555.SH,20150601,5.0215
601558.SH,20150601,6.9197
601566.SH,20150601,5.277
601567.SH,20150601,6.5493
601579.SH,20150601,4.415
601588.SH,20150601,2.3074
601599.SH,20150601,5.4652
601600.SH,20150601,4.4212
601601.SH,20150601,2.4538
601607.SH,20150601,2.713
601608.SH,20150601,8.8312
601616.SH,20150601,3.9484
601618.SH,20150601,3.5789
601628.SH,20150601,3.4096
601633.SH,20150601,4.3391
601636.SH,20150601,2.4832
601666.SH,20150601,1.6469
601668.SH,20150601,2.0589
601669.SH,20150601,3.9415
601677.SH,20150601,2.9584
601678.SH,20150601,2.323
601688.SH,20150601,3.1402
601689.SH,20150601,9.0213
601699.SH,20150601,1.7589
601700.SH,20150601,6.8389
601717.SH,20150601,2.3995
601718.SH,20150601,3.4236
601727.SH,20150601,8.1569
601766.SH,20150601,14.6154
601777.SH,20150601,4.128
601788.SH,20150601,4.0445
601789.SH,20150601,3.6579
601798.SH,20150601,3.5156
601799.SH,20150601,6.7029
601800.SH,20150601,2.636
601801.SH,20150601,4.8362
601808.SH,20150601,2.6075
601818.SH,20150601,1.3614
601857.SH,20150601,1.9251
601866.SH,20150601,4.537
601872.SH,20150601,4.3617
601877.SH,20150601,6.6675
601880.SH,20150601,3.0973
601886.SH,20150601,3.9325
601888.SH,20150601,4.6682
601890.SH,20150601,4.7671
601898.SH,20150601,1.3849
601899.SH,20150601,5.4498
601901.SH,20150601,3.7965
601908.SH,20150601,5.2085
601918.SH,20150601,4.4455
601919.SH,20150601,6.0655
601928.SH,20150601,5.0893
601929.SH,20150601,5.1948
601933.SH,20150601,4.9959
601939.SH,20150601,1.2808
601958.SH,20150601,3.6313
601965.SH,20150601,4.4336
601969.SH,20150601,12.1431
601988.SH,20150601,1.1746
601989.SH,20150601,5.5656
601991.SH,20150601,2.5392
601992.SH,20150601,1.8658
601996.SH,20150601,4.1781
601998.SH,20150601,1.332
601999.SH,20150601,5.4278
603000.SH,20150601,15.9654
603001.SH,20150601,3.8943
603002.SH,20150601,7.6241
603003.SH,20150601,11.0626
603005.SH,20150601,10.301
603006.SH,20150601,6.9579
603008.SH,20150601,6.721
603009.SH,20150601,13.0245
603010.SH,20150601,4.9919
603011.SH,20150601,8.4726
603012.SH,20150601,6.3596
603015.SH,20150601,9.8982
603017.SH,20150601,10.2059
603018.SH,20150601,5.0188
603019.SH,20150601,38.3772
603020.SH,20150601,6.9001
603021.SH,20150601,12.5484
603022.SH,20150601,8.0013
603023.SH,20150601,5.1935
603025.SH,20150601,21.1825
603026.SH,20150601,1.5969
603030.SH,20150601,12.166
603077.SH,20150601,4.7243
603088.SH,20150601,11.3638
603099.SH,20150601,10.7882
603100.SH,20150601,7.872
603108.SH,20150601,3.6281
603111.SH,20150601,11.0836
603118.SH,20150601,9.8647
603123.SH,20150601,3.1758
603126.SH,20150601,11.8358
603128.SH,20150601,9.1333
603158.SH,20150601,9.9562
603166.SH,20150601,17.7076
603167.SH,20150601,3.1426
603168.SH,20150601,18.1836
603169.SH,20150601,23.7275
603188.SH,20150601,9.1451
603198.SH,20150601,4.5117
603199.SH,20150601,7.9361
603222.SH,20150601,10.9586
603227.SH,20150601,6.0527
603268.SH,20150601,10.3221
603288.SH,20150601,14.3847
603300.SH,20150601,2.5709
603306.SH,20150601,9.2715
603308.SH,20150601,7.1236
603309.SH,20150601,11.7547
603311.SH,20150601,7.7605
603315.SH,20150601,13.6003
603318.SH,20150601,23.9679
603328.SH,20150601,5.2047
603333.SH,20150601,5.4055
603338.SH,20150601,10.2504
603355.SH,20150601,16.1717
603366.SH,20150601,4.3217
603368.SH,20150601,10.5524
603369.SH,20150601,6.8456
603399.SH,20150601,6.9038
603456.SH,20150601,10.6796
603518.SH,20150601,3.8219
603519.SH,20150601,8.8218
603555.SH,20150601,16.7287
603558.SH,20150601,9.1479
603566.SH,20150601,7.4693
603567.SH,20150601,10.8277
603568.SH,20150601,6.1087
603588.SH,20150601,8.7207
603598.SH,20150601,3.3978
603599.SH,20150601,7.0283
603600.SH,20150601,19.0242
603601.SH,20150601,26.2886
603606.SH,20150601,13.2536
603609.SH,20150601,7.3962
603611.SH,20150601,10.5236
603618.SH,20150601,6.9198
603636.SH,20150601,11.857
603669.SH,20150601,5.3141
603678.SH,20150601,17.1691
603686.SH,20150601,14.0179
603688.SH,20150601,6.6481
603698.SH,20150601,12.2328
603699.SH,20150601,10.1594
603703.SH,20150601,16.6162
603718.SH,20150601,9.1413
603729.SH,20150601,10.7068
603766.SH,20150601,6.3919
603788.SH,20150601,11.4096
603789.SH,20150601,14.6706
603799.SH,20150601,7.4053
603806.SH,20150601,6.104
603808.SH,20150601,8.1208
603818.SH,20150601,14.352
603828.SH,20150601,7.765
603869.SH,20150601,13.5295
603883.SH,20150601,11.8568
603885.SH,20150601,4.0171
603889.SH,20150601,7.3235
603898.SH,20150601,14.2609
603899.SH,20150601,13.4138
603901.SH,20150601,3.3078
603918.SH,20150601,3.4843
603939.SH,20150601,12.3813
603968.SH,20150601,7.3483
603969.SH,20150601,9.3093
603988.SH,20150601,9.01
603989.SH,20150601,9.755
603993.SH,20150601,5.5403
603997.SH,20150601,13.6188
603998.SH,20150601,11.3163
